timestamp,latency_ms,server_pipeline_ms,status_code,error,body_preview,target_multiplier,multiplier_clamped,delta_combat,delta_collect,delta_explore,soft_combat,soft_collect,soft_explore
2026-08-24T13:16:10.793918+00:00,1138.18,1.0507109999889508,200,,"{""filtering"":{""passed"":true,""duration_seconds"":30},""normalized_features"":{""enemiesHit"":0.21739130434782608,""damageDone"":",1.0855424663680804,False,0.11833816771427047,-0.04739984205171921,-0.07093832566255126,0.7277938923809016,0.17533385982760258,0.09687224779149582
2026-08-24T13:16:41.933622+00:00,926.38,0.46871500000270316,200,,"{""filtering"":{""passed"":true,""duration_seconds"":30},""normalized_features"":{""enemiesHit"":0.21739130434782608,""damageDone"":",1.0855424663680804,False,0.11833816771427047,-0.04739984205171921,-0.07093832566255126,0.7277938923809016,0.17533385982760258,0.09687224779149582
2026-08-24T13:17:12.862291+00:00,708.78,0.28897000000142725,200,,"{""filtering"":{""passed"":true,""duration_seconds"":30},""normalized_features"":{""enemiesHit"":0.21739130434782608,""damageDone"":",1.0587605965636362,False,0.08283671739998932,-0.03317988943620348,-0.04965682796378587,0.7277938923809016,0.17533385982760258,0.09687224779149582
2026-08-24T13:17:43.571773+00:00,476.93,0.1974460000055842,200,,"{""filtering"":{""passed"":true,""duration_seconds"":30},""normalized_features"":{""enemiesHit"":0.21739130434782608,""damageDone"":",1.0378441311455313,False,0.05798570217999255,-0.023225922605342425,-0.034759779574650124,0.7277938923809016,0.17533385982760258,0.09687224779149582
2026-08-24T13:18:14.049804+00:00,707.27,0.14425300000584684,200,,"{""filtering"":{""passed"":true,""duration_seconds"":30},""normalized_features"":{""enemiesHit"":0.21739130434782608,""damageDone"":",1.0232026053528571,False,0.04058999152599474,-0.01625814582373969,-0.024331845702255078,0.7277938923809016,0.17533385982760258,0.09687224779149582
2026-08-24T13:18:44.760443+00:00,667.7,0.14704499999061227,200,,"{""filtering"":{""passed"":true,""duration_seconds"":30},""normalized_features"":{""enemiesHit"":0.21739130434782608,""damageDone"":",1.0129535372979859,False,0.028412994068196307,-0.011380702076617788,-0.017032291991578546,0.7277938923809016,0.17533385982760258,0.09687224779149582
2026-08-24T13:19:15.428759+00:00,707.03,0.22947900000144728,200,,"{""filtering"":{""passed"":true,""duration_seconds"":30},""normalized_features"":{""enemiesHit"":0.21739130434782608,""damageDone"":",1.0057791896595758,False,0.01988909584773746,-0.007966491453632457,-0.011922604394104988,0.7277938923809016,0.17533385982760258,0.09687224779149582
2026-08-24T13:19:46.138153+00:00,427.24,0.1511690000188537,200,,"{""filtering"":{""passed"":true,""duration_seconds"":30},""normalized_features"":{""enemiesHit"":0.21739130434782608,""damageDone"":",1.0004712681813812,False,0.01392236709341621,-0.005576544017542734,-0.00834582307587349,0.7277938923809016,0.17533385982760258,0.09687224779149582
2026-08-24T13:20:16.565975+00:00,433.64,0.14207299999543466,200,,"{""filtering"":{""passed"":true,""duration_seconds"":30},""normalized_features"":{""enemiesHit"":0.21739130434782608,""damageDone"":",0.9966965420629597,False,0.009745656965391314,-0.0039035808122799,-0.005842076153111442,0.7277938923809016,0.17533385982760258,0.09687224779149582
2026-08-24T13:20:47.005177+00:00,421.14,0.14621099998475984,200,,"{""filtering"":{""passed"":true,""duration_seconds"":30},""normalized_features"":{""enemiesHit"":0.21739130434782608,""damageDone"":",0.9940542337800649,False,0.006821959875773942,-0.002732506568595916,-0.004089453307178012,0.7277938923809016,0.17533385982760258,0.09687224779149582
2026-08-24T13:21:17.428787+00:00,457.67,0.17852499999571592,200,,"{""filtering"":{""passed"":true,""duration_seconds"":30},""normalized_features"":{""enemiesHit"":0.21739130434782608,""damageDone"":",0.9922046179820381,False,0.0047753719130417815,-0.0019127545980171523,-0.0028626173150246154,0.7277938923809016,0.17533385982760258,0.09687224779149582
2026-08-24T13:21:47.887430+00:00,424.05,0.134245999972336,200,,"{""filtering"":{""passed"":true,""duration_seconds"":30},""normalized_features"":{""enemiesHit"":0.21739130434782608,""damageDone"":",0.9909098869234196,False,0.0033427603391292804,-0.0013389282186120066,-0.002003832120517232,0.7277938923809016,0.17533385982760258,0.09687224779149582
2026-08-24T13:22:18.313928+00:00,468.47,0.1092449999996461,200,,"{""filtering"":{""passed"":true,""duration_seconds"":30},""normalized_features"":{""enemiesHit"":0.21739130434782608,""damageDone"":",0.9900035751823864,False,0.002339932237390485,-0.0009372497530283908,-0.0014026824843620528,0.7277938923809016,0.17533385982760258,0.09687224779149582
2026-08-24T13:22:48.786951+00:00,420.85,0.9482699999934994,200,,"{""filtering"":{""passed"":true,""duration_seconds"":30},""normalized_features"":{""enemiesHit"":0.21739130434782608,""damageDone"":",0.9893691569636638,False,0.001637952566173273,-0.0006560748271198791,-0.0009818777390534356,0.7277938923809016,0.17533385982760258,0.09687224779149582
2026-08-24T13:23:19.209631+00:00,398.81,0.0717280000098981,200,,"{""filtering"":{""passed"":true,""duration_seconds"":30},""normalized_features"":{""enemiesHit"":0.21739130434782608,""damageDone"":",0.9889250642105574,False,0.0011465667963213022,-0.0004592523789839209,-0.0006873144173374091,0.7277938923809016,0.17533385982760258,0.09687224779149582
2026-08-24T13:23:49.609151+00:00,413.01,0.10209000000031665,200,,"{""filtering"":{""passed"":true,""duration_seconds"":30},""normalized_features"":{""enemiesHit"":0.21739130434782608,""damageDone"":",0.9886141992833835,False,0.0008025967574250004,-0.00032147666528875574,-0.0004811200921361891,0.7277938923809016,0.17533385982760258,0.09687224779149582
2026-08-24T13:24:20.023545+00:00,428.39,0.06668599997647107,200,,"{""filtering"":{""passed"":true,""duration_seconds"":30},""normalized_features"":{""enemiesHit"":0.21739130434782608,""damageDone"":",0.9883965938343611,False,0.000561817730197478,-0.0002250336657021179,-0.0003367840644953324,0.7277938923809016,0.17533385982760258,0.09687224779149582
2026-08-24T13:24:50.453010+00:00,464.01,0.06756100000347942,200,,"{""filtering"":{""passed"":true,""duration_seconds"":30},""normalized_features"":{""enemiesHit"":0.21739130434782608,""damageDone"":",0.9882442700200456,False,0.0003932724111381791,-0.00015752356599146866,-0.00023574884514672434,0.7277938923809016,0.17533385982760258,0.09687224779149582
2026-08-24T13:25:20.920082+00:00,450.66,0.06570000003557652,200,,"{""filtering"":{""passed"":true,""duration_seconds"":30},""normalized_features"":{""enemiesHit"":0.21739130434782608,""damageDone"":",0.9881376433500251,False,0.0002752906877967476,-0.00011026649619402806,-0.00016502419160271953,0.7277938923809016,0.17533385982760258,0.09687224779149582
2026-08-24T13:25:51.371737+00:00,412.35,0.07123799994587898,200,,"{""filtering"":{""passed"":true,""duration_seconds"":30},""normalized_features"":{""enemiesHit"":0.21739130434782608,""damageDone"":",0.9880630046810099,False,0.0001927034814577233,-7.718654733582242e-05,-0.0001155169341219009,0.7277938923809016,0.17533385982760258,0.09687224779149582
2026-08-24T13:26:21.785963+00:00,425.01,0.06936000008136034,200,,"{""filtering"":{""passed"":true,""duration_seconds"":30},""normalized_features"":{""enemiesHit"":0.21739130434782608,""damageDone"":",0.9880107576126997,False,0.0001348924370203619,-5.403058313507847e-05,-8.086185388532507e-05,0.7277938923809016,0.17533385982760258,0.09687224779149582
2026-08-24T13:26:52.211765+00:00,408.05,0.06553100002929568,200,,"{""filtering"":{""passed"":true,""duration_seconds"":30},""normalized_features"":{""enemiesHit"":0.21739130434782608,""damageDone"":",0.9879741846648826,False,9.442470591425334e-05,-3.782140819455493e-05,-5.6603297719726164e-05,0.7277938923809016,0.17533385982760258,0.09687224779149582
2026-08-24T13:27:22.620994+00:00,441.57,0.06615700002294034,200,,"{""filtering"":{""passed"":true,""duration_seconds"":30},""normalized_features"":{""enemiesHit"":0.21739130434782608,""damageDone"":",0.9879485836014106,False,6.609729413997734e-05,-2.6474985736185674e-05,-3.962230840380554e-05,0.7277938923809016,0.17533385982760258,0.09687224779149582
2026-08-24T13:27:53.064200+00:00,459.55,0.06933600001502782,200,,"{""filtering"":{""passed"":true,""duration_seconds"":30},""normalized_features"":{""enemiesHit"":0.21739130434782608,""damageDone"":",0.9879306628569808,False,4.6268105898028544e-05,-1.85324900153494e-05,-2.7735615882665265e-05,0.7277938923809016,0.17533385982760258,0.09687224779149582
2026-08-24T13:28:23.525063+00:00,398.09,0.07182900002226233,200,,"{""filtering"":{""passed"":true,""duration_seconds"":30},""normalized_features"":{""enemiesHit"":0.21739130434782608,""damageDone"":",0.987918118335879,False,3.238767412860888e-05,-1.2972743010736254e-05,-1.9414931117872625e-05,0.7277938923809016,0.17533385982760258,0.09687224779149582
2026-08-24T13:28:53.925395+00:00,477.61,0.06337600003462285,200,,"{""filtering"":{""passed"":true,""duration_seconds"":30},""normalized_features"":{""enemiesHit"":0.21739130434782608,""damageDone"":",0.9879093371711083,False,2.267137189004842e-05,-9.080920107512602e-06,-1.3590451782508062e-05,0.7277938923809016,0.17533385982760258,0.09687224779149582
2026-08-24T13:29:24.406167+00:00,445.4,0.06745700002647936,200,,"{""filtering"":{""passed"":true,""duration_seconds"":30},""normalized_features"":{""enemiesHit"":0.21739130434782608,""damageDone"":",0.9879031903557691,False,1.5869960322989485e-05,-6.356644075250495e-06,-9.513316247752868e-06,0.7277938923809016,0.17533385982760258,0.09687224779149582
2026-08-24T13:29:54.854000+00:00,449.29,0.06630599999334663,200,,"{""filtering"":{""passed"":true,""duration_seconds"":30},""normalized_features"":{""enemiesHit"":0.21739130434782608,""damageDone"":",0.987898887585031,False,1.1108972226114844e-05,-4.449650852694775e-06,-6.659321373433946e-06,0.7277938923809016,0.17533385982760258,0.09687224779149582
2026-08-24T13:30:25.306383+00:00,428.53,0.06920599995646626,200,,"{""filtering"":{""passed"":true,""duration_seconds"":30},""normalized_features"":{""enemiesHit"":0.21739130434782608,""damageDone"":",0.9878958756455141,False,7.776280558258186e-06,-3.1147555968891183e-06,-4.6615249613968235e-06,0.7277938923809016,0.17533385982760258,0.09687224779149582
2026-08-24T13:30:55.736810+00:00,470.87,0.06600300001446158,200,,"{""filtering"":{""passed"":true,""duration_seconds"":30},""normalized_features"":{""enemiesHit"":0.21739130434782608,""damageDone"":",0.9878937672878532,False,5.443396390858446e-06,-2.1803289178001783e-06,-3.263067472975001e-06,0.7277938923809016,0.17533385982760258,0.09687224779149582
2026-08-24T13:31:26.209133+00:00,472.53,0.07125999999698251,200,,"{""filtering"":{""passed"":true,""duration_seconds"":30},""normalized_features"":{""enemiesHit"":0.21739130434782608,""damageDone"":",0.9878922914374899,False,3.810377473545401e-06,-1.526230242465676e-06,-2.284147231093603e-06,0.7277938923809016,0.17533385982760258,0.09687224779149582
2026-08-24T13:31:56.685352+00:00,435.97,0.06904900004155934,200,,"{""filtering"":{""passed"":true,""duration_seconds"":30},""normalized_features"":{""enemiesHit"":0.21739130434782608,""damageDone"":",0.9878912583422361,False,2.6672642314817807e-06,-1.0683611697259732e-06,-1.5989030617558075e-06,0.7277938923809016,0.17533385982760258,0.09687224779149582
2026-08-24T13:32:27.122344+00:00,438.77,0.06601900001987815,200,,"{""filtering"":{""passed"":true,""duration_seconds"":30},""normalized_features"":{""enemiesHit"":0.21739130434782608,""damageDone"":",0.9878905351755578,False,1.8670849620816554e-06,-7.478528188109568e-07,-1.1192321432290653e-06,0.7277938923809016,0.17533385982760258,0.09687224779149582
2026-08-24T13:32:57.562949+00:00,481.61,0.06113799999002367,200,,"{""filtering"":{""passed"":true,""duration_seconds"":30},""normalized_features"":{""enemiesHit"":0.21739130434782608,""damageDone"":",0.9878900289588837,False,1.306959473423852e-06,-5.234969731593431e-07,-7.83462500264509e-07,0.7277938923809016,0.17533385982760258,0.09687224779149582
2026-08-24T13:33:28.045182+00:00,447.85,0.06840899994131178,200,,"{""filtering"":{""passed"":true,""duration_seconds"":30},""normalized_features"":{""enemiesHit"":0.21739130434782608,""damageDone"":",0.9878896746072114,False,9.148716314522076e-07,-3.664478812337446e-07,-5.484237501907074e-07,0.7277938923809016,0.17533385982760258,0.09687224779149582
2026-08-24T13:33:58.494246+00:00,447.65,0.06533800018951297,200,,"{""filtering"":{""passed"":true,""duration_seconds"":30},""normalized_features"":{""enemiesHit"":0.21739130434782608,""damageDone"":",0.9878894265610407,False,6.404101419166253e-07,-2.565135168441923e-07,-3.838966251279441e-07,0.7277938923809016,0.17533385982760258,0.09687224779149582
2026-08-24T13:34:28.945083+00:00,460.4,0.07725699990987778,200,,"{""filtering"":{""passed"":true,""duration_seconds"":30},""normalized_features"":{""enemiesHit"":0.21739130434782608,""damageDone"":",0.9878892529287211,False,4.4828709944155776e-07,-1.795594617992613e-07,-2.687276375867853e-07,0.7277938923809016,0.17533385982760258,0.09687224779149582
2026-08-24T13:34:59.406629+00:00,470.47,0.12193899997510016,200,,"{""filtering"":{""passed"":true,""duration_seconds"":30},""normalized_features"":{""enemiesHit"":0.21739130434782608,""damageDone"":",0.9878891313860985,False,3.1380096954247705e-07,-1.2569162324838068e-07,-1.8810934630797416e-07,0.7277938923809016,0.17533385982760258,0.09687224779149582
2026-08-24T13:35:29.907520+00:00,456.97,0.06640699994750321,200,,"{""filtering"":{""passed"":true,""duration_seconds"":30},""normalized_features"":{""enemiesHit"":0.21739130434782608,""damageDone"":",0.9878890463062613,False,2.1966067864642724e-07,-8.798413628219315e-08,-1.3167654241974525e-07,0.7277938923809016,0.17533385982760258,0.09687224779149582
2026-08-24T13:36:00.366110+00:00,461.25,0.06396000017412007,200,,"{""filtering"":{""passed"":true,""duration_seconds"":30},""normalized_features"":{""enemiesHit"":0.21739130434782608,""damageDone"":",0.987888986750376,False,1.5376247508580576e-07,-6.158889540031076e-08,-9.217357969937279e-08,0.7277938923809016,0.17533385982760258,0.09687224779149582
2026-08-24T13:36:30.828364+00:00,453.03,0.07021300005726516,200,,"{""filtering"":{""passed"":true,""duration_seconds"":30},""normalized_features"":{""enemiesHit"":0.21739130434782608,""damageDone"":",0.9878889450612556,False,1.0763373259337072e-07,-4.3112226788544206e-08,-6.452150579094873e-08,0.7277938923809016,0.17533385982760258,0.09687224779149582
2026-08-24T13:37:01.282882+00:00,421.26,0.06689299992285669,200,,"{""filtering"":{""passed"":true,""duration_seconds"":30},""normalized_features"":{""enemiesHit"":0.21739130434782608,""damageDone"":",0.987888915878872,False,7.534361279315505e-08,-3.01785587353276e-08,-4.516505404394966e-08,0.7277938923809016,0.17533385982760258,0.09687224779149582
2026-08-24T13:37:31.705829+00:00,477.27,0.5922399999108166,200,,"{""filtering"":{""passed"":true,""duration_seconds"":30},""normalized_features"":{""enemiesHit"":0.21739130434782608,""damageDone"":",0.9878888954512028,False,5.27405289441063e-08,-2.1124991117504877e-08,-3.161553784047921e-08,0.7277938923809016,0.17533385982760258,0.09687224779149582
2026-08-24T13:38:02.184944+00:00,453.04,0.06385000003501773,200,,"{""filtering"":{""passed"":true,""duration_seconds"":30},""normalized_features"":{""enemiesHit"":0.21739130434782608,""damageDone"":",0.9878888811518354,False,3.691837024977218e-08,-1.4787493785028971e-08,-2.2130876478620998e-08,0.7277938923809016,0.17533385982760258,0.09687224779149582
2026-08-24T13:38:32.639283+00:00,459.62,0.09448800003156066,200,,"{""filtering"":{""passed"":true,""duration_seconds"":30},""normalized_features"":{""enemiesHit"":0.21739130434782608,""damageDone"":",0.9878888711422777,False,2.5842859185942757e-08,-1.035124563841805e-08,-1.549161353364692e-08,0.7277938923809016,0.17533385982760258,0.09687224779149582
2026-08-24T13:39:03.100168+00:00,439.87,0.05826700013130903,200,,"{""filtering"":{""passed"":true,""duration_seconds"":30},""normalized_features"":{""enemiesHit"":0.21739130434782608,""damageDone"":",0.9878888641355874,False,1.809000149677331e-08,-7.245871957994865e-09,-1.0844129483267295e-08,0.7277938923809016,0.17533385982760258,0.09687224779149582
2026-08-24T13:39:33.541278+00:00,434.86,0.0588020000141114,200,,"{""filtering"":{""passed"":true,""duration_seconds"":30},""normalized_features"":{""enemiesHit"":0.21739130434782608,""damageDone"":",0.9878888592309043,False,1.2663000981127936e-08,-5.0721103705964055e-09,-7.590890638287107e-09,0.7277938923809016,0.17533385982760258,0.09687224779149582
2026-08-24T13:40:03.977209+00:00,418.34,0.05936100007966161,200,,"{""filtering"":{""passed"":true,""duration_seconds"":30},""normalized_features"":{""enemiesHit"":0.21739130434782608,""damageDone"":",0.9878888557976253,False,8.864100675687325e-09,-3.5504772732952716e-09,-5.313623444025417e-09,0.7277938923809016,0.17533385982760258,0.09687224779149582
2026-08-24T13:40:34.396496+00:00,396.21,0.11261499999091029,200,,"{""filtering"":{""passed"":true,""duration_seconds"":30},""normalized_features"":{""enemiesHit"":0.21739130434782608,""damageDone"":",0.9878888533943302,False,6.2048705062878184e-09,-2.4853340774289023e-09,-3.7195364149811283e-09,0.7277938923809016,0.17533385982760258,0.09687224779149582
2026-08-24T13:41:04.793740+00:00,424.84,0.7321319999173284,200,,"{""filtering"":{""passed"":true,""duration_seconds"":30},""normalized_features"":{""enemiesHit"":0.21739130434782608,""damageDone"":",0.9878888517120243,False,4.343409298890322e-09,-1.7397338569757892e-09,-2.603675483547896e-09,0.7277938923809016,0.17533385982760258,0.09687224779149582
2026-08-24T13:41:35.219657+00:00,391.45,0.05943599995225668,200,,"{""filtering"":{""passed"":true,""duration_seconds"":30},""normalized_features"":{""enemiesHit"":0.21739130434782608,""damageDone"":",0.9878888505344094,False,3.0403866091432974e-09,-1.2178137109852827e-09,-1.8225728426468635e-09,0.7277938923809016,0.17533385982760258,0.09687224779149582
2026-08-24T13:42:05.612390+00:00,398.48,0.05669100000523031,200,,"{""filtering"":{""passed"":true,""duration_seconds"":30},""normalized_features"":{""enemiesHit"":0.21739130434782608,""damageDone"":",0.9878888497100795,False,2.1282705597869267e-09,-8.524695949141403e-10,-1.275800992628362e-09,0.7277938923809016,0.17533385982760258,0.09687224779149582
2026-08-24T13:42:36.012404+00:00,525.05,0.08400700008496642,200,,"{""filtering"":{""passed"":true,""duration_seconds"":30},""normalized_features"":{""enemiesHit"":0.21739130434782608,""damageDone"":",0.9878888491330489,False,1.489789402953079e-09,-5.967286942354377e-10,-8.930606948398534e-10,0.7277938923809016,0.17533385982760258,0.09687224779149582
2026-08-24T13:43:06.538882+00:00,427.48,0.0597059999126941,200,,"{""filtering"":{""passed"":true,""duration_seconds"":30},""normalized_features"":{""enemiesHit"":0.21739130434782608,""damageDone"":",0.9878888487291273,False,1.0428525820671553e-09,-4.1771008874036397e-10,-6.251424794490035e-10,0.7277938923809016,0.17533385982760258,0.09687224779149582
2026-08-24T13:43:36.967292+00:00,420.06,0.056314999936148524,200,,"{""filtering"":{""passed"":true,""duration_seconds"":30},""normalized_features"":{""enemiesHit"":0.21739130434782608,""damageDone"":",0.9878888484463819,False,7.299968407536994e-10,-2.9239707877160015e-10,-4.3759973422652365e-10,0.7277938923809016,0.17533385982760258,0.09687224779149582
2026-08-24T13:44:07.388720+00:00,415.13,0.07546800002455711,200,,"{""filtering"":{""passed"":true,""duration_seconds"":30},""normalized_features"":{""enemiesHit"":0.21739130434782608,""damageDone"":",0.9878888482484598,False,5.109977996298198e-10,-2.046779412623323e-10,-3.063198167341241e-10,0.7277938923809016,0.17533385982760258,0.09687224779149582
2026-08-24T13:44:37.806193+00:00,425.86,0.08791600004769862,200,,"{""filtering"":{""passed"":true,""duration_seconds"":30},""normalized_features"":{""enemiesHit"":0.21739130434782608,""damageDone"":",0.9878888481099142,False,3.5769842643418315e-10,-1.432745588836326e-10,-2.1442386755055054e-10,0.7277938923809016,0.17533385982760258,0.09687224779149582
2026-08-24T13:45:08.233803+00:00,460.86,0.05554399988614023,200,,"{""filtering"":{""passed"":true,""duration_seconds"":30},""normalized_features"":{""enemiesHit"":0.21739130434782608,""damageDone"":",0.9878888480129331,False,2.5038893181061894e-10,-1.0029219121854283e-10,-1.500967128365005e-10,0.7277938923809016,0.17533385982760258,0.09687224779149582
2026-08-24T13:45:38.697747+00:00,414.26,0.05181399988941848,200,,"{""filtering"":{""passed"":true,""duration_seconds"":30},""normalized_features"":{""enemiesHit"":0.21739130434782608,""damageDone"":",0.9878888479450461,False,1.7527224116520301e-10,-7.020453662853754e-11,-1.0506770453666547e-10,0.7277938923809016,0.17533385982760258,0.09687224779149582
2026-08-24T13:46:09.143382+00:00,433.37,0.05738000012934208,200,,"{""filtering"":{""passed"":true,""duration_seconds"":30},""normalized_features"":{""enemiesHit"":0.21739130434782608,""damageDone"":",0.987888847897525,False,1.2269052440672112e-10,-4.9143189517764085e-11,-7.354739040010827e-11,0.7277938923809016,0.17533385982760258,0.09687224779149582
2026-08-24T13:46:39.577729+00:00,420.86,0.05569200008176267,200,,"{""filtering"":{""passed"":true,""duration_seconds"":30},""normalized_features"":{""enemiesHit"":0.21739130434782608,""damageDone"":",0.9878888478642607,False,8.588341149362577e-11,-3.440023266243486e-11,-5.1483164953403104e-11,0.7277938923809016,0.17533385982760258,0.09687224779149582
2026-08-24T13:47:09.999645+00:00,416.24,0.05352200008928776,200,,"{""filtering"":{""passed"":true,""duration_seconds"":30},""normalized_features"":{""enemiesHit"":0.21739130434782608,""damageDone"":",0.9878888478409753,False,6.01183547388473e-11,-2.4080154537031717e-11,-3.603821407960339e-11,0.7277938923809016,0.17533385982760258,0.09687224779149582
2026-08-24T13:47:40.418157+00:00,495.56,0.0569180001039058,200,,"{""filtering"":{""passed"":true,""duration_seconds"":30},""normalized_features"":{""enemiesHit"":0.21739130434782608,""damageDone"":",0.9878888478246752,False,4.2082892726114096e-11,-1.6856099849249517e-11,-2.5226751243501155e-11,0.7277938923809016,0.17533385982760258,0.09687224779149582
2026-08-24T13:48:10.914983+00:00,510.47,0.0563960000872612,200,,"{""filtering"":{""passed"":true,""duration_seconds"":30},""normalized_features"":{""enemiesHit"":0.21739130434782608,""damageDone"":",0.9878888478132655,False,2.945799160158913e-11,-1.179928377226247e-11,-1.7658735584902274e-11,0.7277938923809016,0.17533385982760258,0.09687224779149582
2026-08-24T13:48:41.429360+00:00,437.44,0.05710799992084503,200,,"{""filtering"":{""passed"":true,""duration_seconds"":30},""normalized_features"":{""enemiesHit"":0.21739130434782608,""damageDone"":",0.987888847805279,False,2.0620616325572882e-11,-8.259504191698852e-12,-1.236111213387403e-11,0.7277938923809016,0.17533385982760258,0.09687224779149582
2026-08-24T13:49:11.869579+00:00,468.61,0.054391999961808324,200,,"{""filtering"":{""passed"":true,""duration_seconds"":30},""normalized_features"":{""enemiesHit"":0.21739130434782608,""damageDone"":",0.9878888477996881,False,1.443445363236151e-11,-5.7816529341891965e-12,-8.652772942596698e-12,0.7277938923809016,0.17533385982760258,0.09687224779149582
2026-08-24T13:49:42.339008+00:00,447.39,0.05305800004862249,200,,"{""filtering"":{""passed"":true,""duration_seconds"":30},""normalized_features"":{""enemiesHit"":0.21739130434782608,""damageDone"":",0.9878888477957748,False,1.0104028724811087e-11,-4.047151502817314e-12,-6.056946610932812e-12,0.7277938923809016,0.17533385982760258,0.09687224779149582
2026-08-24T13:50:12.787188+00:00,470.33,0.054918000008910894,200,,"{""filtering"":{""passed"":true,""duration_seconds"":30},""normalized_features"":{""enemiesHit"":0.21739130434782608,""damageDone"":",0.9878888477930352,False,7.072897822979485e-12,-2.8330116030872432e-12,-4.239858464316626e-12,0.7277938923809016,0.17533385982760258,0.09687224779149582
2026-08-24T13:50:43.259389+00:00,520.51,0.24767299997620285,200,,"{""filtering"":{""passed"":true,""duration_seconds"":30},""normalized_features"":{""enemiesHit"":0.21739130434782608,""damageDone"":",0.987888847791117,False,4.9510395783158856e-12,-1.9831081221610702e-12,-2.9679037005791997e-12,0.7277938923809016,0.17533385982760258,0.09687224779149582
2026-08-24T13:51:13.782407+00:00,520.45,0.05492899985983968,200,,"{""filtering"":{""passed"":true,""duration_seconds"":30},""normalized_features"":{""enemiesHit"":0.21739130434782608,""damageDone"":",0.9878888477897751,False,3.4656721936698887e-12,-1.3881673588400645e-12,-2.07753259040544e-12,0.7277938923809016,0.17533385982760258,0.09687224779149582
2026-08-24T13:51:44.305358+00:00,420.66,0.05421399977058172,200,,"{""filtering"":{""passed"":true,""duration_seconds"":30},""normalized_features"":{""enemiesHit"":0.21739130434782608,""damageDone"":",0.9878888477888359,False,2.4259483311084296e-12,-9.717227023031683e-13,-1.4542672621686847e-12,0.7277938923809016,0.17533385982760258,0.09687224779149582
2026-08-24T13:52:14.727220+00:00,477.64,0.05308699980378151,200,,"{""filtering"":{""passed"":true,""duration_seconds"":30},""normalized_features"":{""enemiesHit"":0.21739130434782608,""damageDone"":",0.9878888477881778,False,1.6981971384666394e-12,-6.802058916122178e-13,-1.0179912468544217e-12,0.7277938923809016,0.17533385982760258,0.09687224779149582
2026-08-24T13:52:45.206375+00:00,467.83,0.07098399987444282,200,,"{""filtering"":{""passed"":true,""duration_seconds"":30},""normalized_features"":{""enemiesHit"":0.21739130434782608,""damageDone"":",0.9878888477877172,False,1.1887157924661551e-12,-4.76146899686114e-13,-7.125966483556567e-13,0.7277938923809016,0.17533385982760258,0.09687224779149582
2026-08-24T13:53:15.676088+00:00,423.36,0.05191799998283386,200,,"{""filtering"":{""passed"":true,""duration_seconds"":30},""normalized_features"":{""enemiesHit"":0.21739130434782608,""damageDone"":",0.987888847787395,False,8.321121569565548e-13,-3.33288951992472e-13,-4.98809327176275e-13,0.7277938923809016,0.17533385982760258,0.09687224779149582
2026-08-24T13:53:46.102036+00:00,421.53,0.05141400033608079,200,,"{""filtering"":{""passed"":true,""duration_seconds"":30},""normalized_features"":{""enemiesHit"":0.21739130434782608,""damageDone"":",0.9878888477871695,False,5.825340210208196e-13,-2.3331336862497665e-13,-3.4917901903241955e-13,0.7277938923809016,0.17533385982760258,0.09687224779149582
2026-08-24T13:54:16.525103+00:00,431.75,0.05331700015813112,200,,"{""filtering"":{""passed"":true,""duration_seconds"":30},""normalized_features"":{""enemiesHit"":0.21739130434782608,""damageDone"":",0.9878888477870111,False,4.076738946423575e-13,-1.6331380692236053e-13,-2.444155988712282e-13,0.7277938923809016,0.17533385982760258,0.09687224779149582
2026-08-24T13:54:46.958085+00:00,419.94,0.05504700029268861,200,,"{""filtering"":{""passed"":true,""duration_seconds"":30},""normalized_features"":{""enemiesHit"":0.21739130434782608,""damageDone"":",0.9878888477869014,False,2.8543833963112775e-13,-1.143252159607755e-13,-1.7109924588254444e-13,0.7277938923809016,0.17533385982760258,0.09687224779149582
2026-08-24T13:55:17.378915+00:00,392.11,0.05477700009942055,200,,"{""filtering"":{""passed"":true,""duration_seconds"":30},""normalized_features"":{""enemiesHit"":0.21739130434782608,""damageDone"":",0.9878888477868235,False,1.9984014443252818e-13,-8.001932449985816e-14,-1.1976530878143876e-13,0.7277938923809016,0.17533385982760258,0.09687224779149582
2026-08-24T13:55:47.771960+00:00,477.76,0.08498900011181831,200,,"{""filtering"":{""passed"":true,""duration_seconds"":30},""normalized_features"":{""enemiesHit"":0.21739130434782608,""damageDone"":",0.9878888477867693,False,1.3988810110276972e-13,-5.601075159233915e-14,-8.383571614700713e-14,0.7277938923809016,0.17533385982760258,0.09687224779149582
2026-08-24T13:56:18.250814+00:00,409.9,0.06960500031709671,200,,"{""filtering"":{""passed"":true,""duration_seconds"":30},""normalized_features"":{""enemiesHit"":0.21739130434782608,""damageDone"":",0.9878888477867314,False,9.792167077193881e-14,-3.9218628344883655e-14,-5.868916463924734e-14,0.7277938923809016,0.17533385982760258,0.09687224779149582
2026-08-24T13:56:48.661404+00:00,416.85,0.05516100022941828,200,,"{""filtering"":{""passed"":true,""duration_seconds"":30},""normalized_features"":{""enemiesHit"":0.21739130434782608,""damageDone"":",0.9878888477867043,False,6.850076061937216e-14,-2.7450264283856995e-14,-4.107825191113079e-14,0.7277938923809016,0.17533385982760258,0.09687224779149582
2026-08-24T13:57:19.079406+00:00,432.94,0.05902000004425645,200,,"{""filtering"":{""passed"":true,""duration_seconds"":30},""normalized_features"":{""enemiesHit"":0.21739130434782608,""damageDone"":",0.9878888477866863,False,4.796163466380676e-14,-1.9206858326015208e-14,-2.8754776337791554e-14,0.7277938923809016,0.17533385982760258,0.09687224779149582
2026-08-24T13:57:49.512937+00:00,464.02,0.105746999848634,200,,"{""filtering"":{""passed"":true,""duration_seconds"":30},""normalized_features"":{""enemiesHit"":0.21739130434782608,""damageDone"":",0.9878888477866732,False,3.352873534367973e-14,-1.3433698597964394e-14,-2.0122792321330962e-14,0.7277938923809016,0.17533385982760258,0.09687224779149582
2026-08-24T13:58:19.981518+00:00,401.99,0.052761999890208244,200,,"{""filtering"":{""passed"":true,""duration_seconds"":30},""normalized_features"":{""enemiesHit"":0.21739130434782608,""damageDone"":",0.9878888477866641,False,2.353672812205332e-14,-9.409140133698202e-15,-1.4085954624931674e-14,0.7277938923809016,0.17533385982760258,0.09687224779149582
2026-08-24T13:58:50.384793+00:00,430.04,0.06684800004586577,200,,"{""filtering"":{""passed"":true,""duration_seconds"":30},""normalized_features"":{""enemiesHit"":0.21739130434782608,""damageDone"":",0.9878888477866574,False,1.6431300764452317e-14,-6.6058269965196814e-15,-9.867107131356079e-15,0.7277938923809016,0.17533385982760258,0.09687224779149582
2026-08-24T13:59:20.816858+00:00,428.97,0.05576300015673041,200,,"{""filtering"":{""passed"":true,""duration_seconds"":30},""normalized_features"":{""enemiesHit"":0.21739130434782608,""damageDone"":",0.987888847786653,False,1.1546319456101628e-14,-4.6074255521944e-15,-6.9111383282915995e-15,0.7277938923809016,0.17533385982760258,0.09687224779149582
2026-08-24T13:59:51.246687+00:00,441.84,0.05427799979224801,200,,"{""filtering"":{""passed"":true,""duration_seconds"":30},""normalized_features"":{""enemiesHit"":0.21739130434782608,""damageDone"":",0.9878888477866503,False,7.993605777301127e-15,-3.219646771412954e-15,-4.829470157119431e-15,0.7277938923809016,0.17533385982760258,0.09687224779149582
2026-08-24T14:00:21.689323+00:00,462.57,0.055189999751746655,200,,"{""filtering"":{""passed"":true,""duration_seconds"":30},""normalized_features"":{""enemiesHit"":0.21739130434782608,""damageDone"":",0.9878888477866481,False,5.662137425588298e-15,-2.275957200481571e-15,-3.3861802251067274e-15,0.7277938923809016,0.17533385982760258,0.09687224779149582
2026-08-24T14:00:52.153596+00:00,645.28,0.06857400014996529,200,,"{""filtering"":{""passed"":true,""duration_seconds"":30},""normalized_features"":{""enemiesHit"":0.21739130434782608,""damageDone"":",0.9878888477866463,False,3.9968028886505635e-15,-1.582067810090848e-15,-2.373101715136272e-15,0.7277938923809016,0.17533385982760258,0.09687224779149582
2026-08-24T14:01:22.800230+00:00,400.13,0.0547690000385046,200,,"{""filtering"":{""passed"":true,""duration_seconds"":30},""normalized_features"":{""enemiesHit"":0.21739130434782608,""damageDone"":",0.9878888477866457,False,2.7755575615628914e-15,-1.1102230246251565e-15,-1.6514567491299204e-15,0.7277938923809016,0.17533385982760258,0.09687224779149582
2026-08-24T14:01:53.201382+00:00,436.37,0.05277100019156933,200,,"{""filtering"":{""passed"":true,""duration_seconds"":30},""normalized_features"":{""enemiesHit"":0.21739130434782608,""damageDone"":",0.9878888477866443,False,1.887379141862766e-15,-7.771561172376096e-16,-1.1657341758564144e-15,0.7277938923809016,0.17533385982760258,0.09687224779149582
2026-08-24T14:02:23.638809+00:00,433.95,0.059338000137358904,200,,"{""filtering"":{""passed"":true,""duration_seconds"":30},""normalized_features"":{""enemiesHit"":0.21739130434782608,""damageDone"":",0.9878888477866441,False,1.3322676295501878e-15,-5.273559366969494e-16,-8.049116928532385e-16,0.7277938923809016,0.17533385982760258,0.09687224779149582
2026-08-24T14:02:54.074548+00:00,503.63,0.05224399967119098,200,,"{""filtering"":{""passed"":true,""duration_seconds"":30},""normalized_features"":{""enemiesHit"":0.21739130434782608,""damageDone"":",0.9878888477866437,False,9.992007221626409e-16,-3.885780586188048e-16,-5.689893001203927e-16,0.7277938923809016,0.17533385982760258,0.09687224779149582
2026-08-24T14:03:24.580826+00:00,429.76,0.0564970001578331,200,,"{""filtering"":{""passed"":true,""duration_seconds"":30},""normalized_features"":{""enemiesHit"":0.21739130434782608,""damageDone"":",0.9878888477866437,False,6.661338147750939e-16,-2.7755575615628914e-16,-4.0245584642661925e-16,0.7277938923809016,0.17533385982760258,0.09687224779149582
2026-08-24T14:03:55.011746+00:00,413.25,0.06412300001829863,200,,"{""filtering"":{""passed"":true,""duration_seconds"":30},""normalized_features"":{""enemiesHit"":0.21739130434782608,""damageDone"":",0.9878888477866432,False,4.440892098500626e-16,-1.942890293094024e-16,-2.7755575615628914e-16,0.7277938923809016,0.17533385982760258,0.09687224779149582
2026-08-24T14:04:25.426395+00:00,409.86,0.05477199982851744,200,,"{""filtering"":{""passed"":true,""duration_seconds"":30},""normalized_features"":{""enemiesHit"":0.21739130434782608,""damageDone"":",0.9878888477866437,False,3.3306690738754696e-16,-1.1102230246251565e-16,-1.942890293094024e-16,0.7277938923809016,0.17533385982760258,0.09687224779149582
2026-08-24T14:04:55.837280+00:00,438.39,0.05230499990284443,200,,"{""filtering"":{""passed"":true,""duration_seconds"":30},""normalized_features"":{""enemiesHit"":0.21739130434782608,""damageDone"":",0.9878888477866432,False,2.220446049250313e-16,-8.326672684688674e-17,-1.3877787807814457e-16,0.7277938923809016,0.17533385982760258,0.09687224779149582
2026-08-24T14:05:26.279915+00:00,422.17,0.1729580000974238,200,,"{""filtering"":{""passed"":true,""duration_seconds"":30},""normalized_features"":{""enemiesHit"":0.21739130434782608,""damageDone"":",0.987888847786643,False,1.1102230246251565e-16,-5.551115123125783e-17,-9.71445146547012e-17,0.7277938923809016,0.17533385982760258,0.09687224779149582
2026-08-24T14:05:56.703370+00:00,423.71,0.06026100041344762,200,,"{""filtering"":{""passed"":true,""duration_seconds"":30},""normalized_features"":{""enemiesHit"":0.21739130434782608,""damageDone"":",0.987888847786643,False,1.1102230246251565e-16,-5.551115123125783e-17,-6.938893903907228e-17,0.7277938923809016,0.17533385982760258,0.09687224779149582
2026-08-24T14:06:27.129057+00:00,445.39,0.05603299988433719,200,,"{""filtering"":{""passed"":true,""duration_seconds"":30},""normalized_features"":{""enemiesHit"":0.21739130434782608,""damageDone"":",0.987888847786643,False,1.1102230246251565e-16,-2.7755575615628914e-17,-4.163336342344337e-17,0.7277938923809016,0.17533385982760258,0.09687224779149582
2026-08-24T14:06:57.575670+00:00,406.59,0.05395300034433603,200,,"{""filtering"":{""passed"":true,""duration_seconds"":30},""normalized_features"":{""enemiesHit"":0.21739130434782608,""damageDone"":",0.9878888477866428,False,0,-2.7755575615628914e-17,-2.7755575615628914e-17,0.7277938923809016,0.17533385982760258,0.09687224779149582
2026-08-24T14:07:27.983081+00:00,420.4,0.05569700011983514,200,,"{""filtering"":{""passed"":true,""duration_seconds"":30},""normalized_features"":{""enemiesHit"":0.21739130434782608,""damageDone"":",0.9878888477866428,False,0,-2.7755575615628914e-17,-2.7755575615628914e-17,0.7277938923809016,0.17533385982760258,0.09687224779149582
2026-08-24T14:07:58.404231+00:00,447.62,0.0569240003824234,200,,"{""filtering"":{""passed"":true,""duration_seconds"":30},""normalized_features"":{""enemiesHit"":0.21739130434782608,""damageDone"":",0.9878888477866428,False,0,0,-1.3877787807814457e-17,0.7277938923809016,0.17533385982760258,0.09687224779149582
2026-08-24T14:08:28.855212+00:00,439.16,0.059338000137358904,200,,"{""filtering"":{""passed"":true,""duration_seconds"":30},""normalized_features"":{""enemiesHit"":0.21739130434782608,""damageDone"":",0.9878888477866428,False,0,0,-1.3877787807814457e-17,0.7277938923809016,0.17533385982760258,0.09687224779149582
2026-08-24T14:08:59.295072+00:00,491.3,0.056708000134676695,200,,"{""filtering"":{""passed"":true,""duration_seconds"":30},""normalized_features"":{""enemiesHit"":0.21739130434782608,""damageDone"":",0.9878888477866428,False,0,0,0,0.7277938923809016,0.17533385982760258,0.09687224779149582
2026-08-24T14:09:29.787601+00:00,417.14,0.055309999734163284,200,,"{""filtering"":{""passed"":true,""duration_seconds"":30},""normalized_features"":{""enemiesHit"":0.21739130434782608,""damageDone"":",0.9878888477866428,False,0,0,0,0.7277938923809016,0.17533385982760258,0.09687224779149582
2026-08-24T14:10:00.207569+00:00,466.85,0.054444999899715185,200,,"{""filtering"":{""passed"":true,""duration_seconds"":30},""normalized_features"":{""enemiesHit"":0.21739130434782608,""damageDone"":",0.9878888477866428,False,0,0,0,0.7277938923809016,0.17533385982760258,0.09687224779149582
2026-08-24T14:10:30.677248+00:00,435.65,0.05246099969372153,200,,"{""filtering"":{""passed"":true,""duration_seconds"":30},""normalized_features"":{""enemiesHit"":0.21739130434782608,""damageDone"":",0.9878888477866428,False,0,0,0,0.7277938923809016,0.17533385982760258,0.09687224779149582
2026-08-24T14:11:01.113961+00:00,723.15,0.09397799987345934,200,,"{""filtering"":{""passed"":true,""duration_seconds"":30},""normalized_features"":{""enemiesHit"":0.21739130434782608,""damageDone"":",0.9878888477866428,False,0,0,0,0.7277938923809016,0.17533385982760258,0.09687224779149582
2026-08-24T14:11:31.838064+00:00,475.94,0.060320999938994646,200,,"{""filtering"":{""passed"":true,""duration_seconds"":30},""normalized_features"":{""enemiesHit"":0.21739130434782608,""damageDone"":",0.9878888477866428,False,0,0,0,0.7277938923809016,0.17533385982760258,0.09687224779149582
2026-08-24T14:12:02.317373+00:00,475.23,0.05252999998629093,200,,"{""filtering"":{""passed"":true,""duration_seconds"":30},""normalized_features"":{""enemiesHit"":0.21739130434782608,""damageDone"":",0.9878888477866428,False,0,0,0,0.7277938923809016,0.17533385982760258,0.09687224779149582
2026-08-24T14:12:32.795150+00:00,428.54,0.06232400005683303,200,,"{""filtering"":{""passed"":true,""duration_seconds"":30},""normalized_features"":{""enemiesHit"":0.21739130434782608,""damageDone"":",0.9878888477866428,False,0,0,0,0.7277938923809016,0.17533385982760258,0.09687224779149582
2026-08-24T14:13:03.224365+00:00,497.51,0.05594299966469407,200,,"{""filtering"":{""passed"":true,""duration_seconds"":30},""normalized_features"":{""enemiesHit"":0.21739130434782608,""damageDone"":",0.9878888477866428,False,0,0,0,0.7277938923809016,0.17533385982760258,0.09687224779149582
2026-08-24T14:13:33.724195+00:00,441.62,0.05311799980700016,200,,"{""filtering"":{""passed"":true,""duration_seconds"":30},""normalized_features"":{""enemiesHit"":0.21739130434782608,""damageDone"":",0.9878888477866428,False,0,0,0,0.7277938923809016,0.17533385982760258,0.09687224779149582
2026-08-24T14:14:04.166695+00:00,451.13,0.058940000366419554,200,,"{""filtering"":{""passed"":true,""duration_seconds"":30},""normalized_features"":{""enemiesHit"":0.21739130434782608,""damageDone"":",0.9878888477866428,False,0,0,0,0.7277938923809016,0.17533385982760258,0.09687224779149582
2026-08-24T14:14:34.619429+00:00,406.76,0.05465599987655878,200,,"{""filtering"":{""passed"":true,""duration_seconds"":30},""normalized_features"":{""enemiesHit"":0.21739130434782608,""damageDone"":",0.9878888477866428,False,0,0,0,0.7277938923809016,0.17533385982760258,0.09687224779149582
2026-08-24T14:15:05.030230+00:00,457.78,0.05550500005483627,200,,"{""filtering"":{""passed"":true,""duration_seconds"":30},""normalized_features"":{""enemiesHit"":0.21739130434782608,""damageDone"":",0.9878888477866428,False,0,0,0,0.7277938923809016,0.17533385982760258,0.09687224779149582
2026-08-24T14:15:35.489054+00:00,405.93,0.05947599979117513,200,,"{""filtering"":{""passed"":true,""duration_seconds"":30},""normalized_features"":{""enemiesHit"":0.21739130434782608,""damageDone"":",0.9878888477866428,False,0,0,0,0.7277938923809016,0.17533385982760258,0.09687224779149582
2026-08-24T14:16:05.897384+00:00,480.77,0.06692799972370267,200,,"{""filtering"":{""passed"":true,""duration_seconds"":30},""normalized_features"":{""enemiesHit"":0.21739130434782608,""damageDone"":",0.9878888477866428,False,0,0,0,0.7277938923809016,0.17533385982760258,0.09687224779149582
2026-08-24T14:16:36.379667+00:00,474.11,0.05916400020942092,200,,"{""filtering"":{""passed"":true,""duration_seconds"":30},""normalized_features"":{""enemiesHit"":0.21739130434782608,""damageDone"":",0.9878888477866428,False,0,0,0,0.7277938923809016,0.17533385982760258,0.09687224779149582
2026-08-24T14:17:06.854652+00:00,454.27,0.07101899990811944,200,,"{""filtering"":{""passed"":true,""duration_seconds"":30},""normalized_features"":{""enemiesHit"":0.21739130434782608,""damageDone"":",0.9878888477866428,False,0,0,0,0.7277938923809016,0.17533385982760258,0.09687224779149582
2026-08-24T14:17:37.309620+00:00,401.09,0.06418500002473593,200,,"{""filtering"":{""passed"":true,""duration_seconds"":30},""normalized_features"":{""enemiesHit"":0.21739130434782608,""damageDone"":",0.9878888477866428,False,0,0,0,0.7277938923809016,0.17533385982760258,0.09687224779149582
2026-08-24T14:18:07.711833+00:00,545.53,0.06098699988797307,200,,"{""filtering"":{""passed"":true,""duration_seconds"":30},""normalized_features"":{""enemiesHit"":0.21739130434782608,""damageDone"":",0.9878888477866428,False,0,0,0,0.7277938923809016,0.17533385982760258,0.09687224779149582
2026-08-24T14:18:38.258240+00:00,443.45,0.05686499970033765,200,,"{""filtering"":{""passed"":true,""duration_seconds"":30},""normalized_features"":{""enemiesHit"":0.21739130434782608,""damageDone"":",0.9878888477866428,False,0,0,0,0.7277938923809016,0.17533385982760258,0.09687224779149582
2026-08-24T14:19:08.702706+00:00,452.75,0.06760000018402934,200,,"{""filtering"":{""passed"":true,""duration_seconds"":30},""normalized_features"":{""enemiesHit"":0.21739130434782608,""damageDone"":",0.9878888477866428,False,0,0,0,0.7277938923809016,0.17533385982760258,0.09687224779149582
2026-08-24T14:19:39.156555+00:00,435.72,0.05879600020125508,200,,"{""filtering"":{""passed"":true,""duration_seconds"":30},""normalized_features"":{""enemiesHit"":0.21739130434782608,""damageDone"":",0.9878888477866428,False,0,0,0,0.7277938923809016,0.17533385982760258,0.09687224779149582
2026-08-24T14:20:09.593529+00:00,460.47,0.059942999854683876,200,,"{""filtering"":{""passed"":true,""duration_seconds"":30},""normalized_features"":{""enemiesHit"":0.21739130434782608,""damageDone"":",0.9878888477866428,False,0,0,0,0.7277938923809016,0.17533385982760258,0.09687224779149582
2026-08-24T14:20:40.056212+00:00,440.48,0.061009000055491924,200,,"{""filtering"":{""passed"":true,""duration_seconds"":30},""normalized_features"":{""enemiesHit"":0.21739130434782608,""damageDone"":",0.9878888477866428,False,0,0,0,0.7277938923809016,0.17533385982760258,0.09687224779149582
2026-08-24T14:21:10.497587+00:00,463.01,0.09007799997925758,200,,"{""filtering"":{""passed"":true,""duration_seconds"":30},""normalized_features"":{""enemiesHit"":0.21739130434782608,""damageDone"":",0.9878888477866428,False,0,0,0,0.7277938923809016,0.17533385982760258,0.09687224779149582
2026-08-24T14:21:40.961444+00:00,423.68,0.061525000259280205,200,,"{""filtering"":{""passed"":true,""duration_seconds"":30},""normalized_features"":{""enemiesHit"":0.21739130434782608,""damageDone"":",0.9878888477866428,False,0,0,0,0.7277938923809016,0.17533385982760258,0.09687224779149582
2026-08-24T14:22:11.386686+00:00,443.84,0.27210699999704957,200,,"{""filtering"":{""passed"":true,""duration_seconds"":30},""normalized_features"":{""enemiesHit"":0.21739130434782608,""damageDone"":",0.9878888477866428,False,0,0,0,0.7277938923809016,0.17533385982760258,0.09687224779149582
2026-08-24T14:22:41.831460+00:00,486.15,0.05942799989134073,200,,"{""filtering"":{""passed"":true,""duration_seconds"":30},""normalized_features"":{""enemiesHit"":0.21739130434782608,""damageDone"":",0.9878888477866428,False,0,0,0,0.7277938923809016,0.17533385982760258,0.09687224779149582
2026-08-24T14:23:12.318898+00:00,439.94,0.06411499995738268,200,,"{""filtering"":{""passed"":true,""duration_seconds"":30},""normalized_features"":{""enemiesHit"":0.21739130434782608,""damageDone"":",0.9878888477866428,False,0,0,0,0.7277938923809016,0.17533385982760258,0.09687224779149582
2026-08-24T14:23:42.760358+00:00,412.22,0.05859299981966615,200,,"{""filtering"":{""passed"":true,""duration_seconds"":30},""normalized_features"":{""enemiesHit"":0.21739130434782608,""damageDone"":",0.9878888477866428,False,0,0,0,0.7277938923809016,0.17533385982760258,0.09687224779149582
2026-08-24T14:24:13.175686+00:00,428.72,0.06287099979817867,200,,"{""filtering"":{""passed"":true,""duration_seconds"":30},""normalized_features"":{""enemiesHit"":0.21739130434782608,""damageDone"":",0.9878888477866428,False,0,0,0,0.7277938923809016,0.17533385982760258,0.09687224779149582
2026-08-24T14:24:43.606376+00:00,421.92,0.06290999986231327,200,,"{""filtering"":{""passed"":true,""duration_seconds"":30},""normalized_features"":{""enemiesHit"":0.21739130434782608,""damageDone"":",0.9878888477866428,False,0,0,0,0.7277938923809016,0.17533385982760258,0.09687224779149582
2026-08-24T14:25:14.029267+00:00,423.71,0.09024400031194091,200,,"{""filtering"":{""passed"":true,""duration_seconds"":30},""normalized_features"":{""enemiesHit"":0.21739130434782608,""damageDone"":",0.9878888477866428,False,0,0,0,0.7277938923809016,0.17533385982760258,0.09687224779149582
2026-08-24T14:25:44.455340+00:00,432.58,0.15680099977180362,200,,"{""filtering"":{""passed"":true,""duration_seconds"":30},""normalized_features"":{""enemiesHit"":0.21739130434782608,""damageDone"":",0.9878888477866428,False,0,0,0,0.7277938923809016,0.17533385982760258,0.09687224779149582
2026-08-24T14:26:14.889133+00:00,770.34,0.06200399994850159,200,,"{""filtering"":{""passed"":true,""duration_seconds"":30},""normalized_features"":{""enemiesHit"":0.21739130434782608,""damageDone"":",0.9878888477866428,False,0,0,0,0.7277938923809016,0.17533385982760258,0.09687224779149582
2026-08-24T14:26:45.662365+00:00,919.07,0.0794349992647767,200,,"{""filtering"":{""passed"":true,""duration_seconds"":30},""normalized_features"":{""enemiesHit"":0.21739130434782608,""damageDone"":",0.9878888477866428,False,0,0,0,0.7277938923809016,0.17533385982760258,0.09687224779149582
2026-08-24T14:27:16.584195+00:00,480.5,0.07289399951696396,200,,"{""filtering"":{""passed"":true,""duration_seconds"":30},""normalized_features"":{""enemiesHit"":0.21739130434782608,""damageDone"":",0.9878888477866428,False,0,0,0,0.7277938923809016,0.17533385982760258,0.09687224779149582
2026-08-24T14:27:47.065972+00:00,443.65,0.05859099980443716,200,,"{""filtering"":{""passed"":true,""duration_seconds"":30},""normalized_features"":{""enemiesHit"":0.21739130434782608,""damageDone"":",0.9878888477866428,False,0,0,0,0.7277938923809016,0.17533385982760258,0.09687224779149582
2026-08-24T14:28:17.510754+00:00,452.07,0.06016499921679497,200,,"{""filtering"":{""passed"":true,""duration_seconds"":30},""normalized_features"":{""enemiesHit"":0.21739130434782608,""damageDone"":",0.9878888477866428,False,0,0,0,0.7277938923809016,0.17533385982760258,0.09687224779149582
2026-08-24T14:28:47.963360+00:00,465.77,0.06081300042569637,200,,"{""filtering"":{""passed"":true,""duration_seconds"":30},""normalized_features"":{""enemiesHit"":0.21739130434782608,""damageDone"":",0.9878888477866428,False,0,0,0,0.7277938923809016,0.17533385982760258,0.09687224779149582
2026-08-24T14:29:18.431450+00:00,471.84,0.05997699964791536,200,,"{""filtering"":{""passed"":true,""duration_seconds"":30},""normalized_features"":{""enemiesHit"":0.21739130434782608,""damageDone"":",0.9878888477866428,False,0,0,0,0.7277938923809016,0.17533385982760258,0.09687224779149582
2026-08-24T14:29:48.904070+00:00,485.16,0.06428200006484985,200,,"{""filtering"":{""passed"":true,""duration_seconds"":30},""normalized_features"":{""enemiesHit"":0.21739130434782608,""damageDone"":",0.9878888477866428,False,0,0,0,0.7277938923809016,0.17533385982760258,0.09687224779149582
2026-08-24T14:30:19.389974+00:00,434.16,0.05672700051218271,200,,"{""filtering"":{""passed"":true,""duration_seconds"":30},""normalized_features"":{""enemiesHit"":0.21739130434782608,""damageDone"":",0.9878888477866428,False,0,0,0,0.7277938923809016,0.17533385982760258,0.09687224779149582
2026-08-24T14:30:49.824952+00:00,433.85,0.06221400015056133,200,,"{""filtering"":{""passed"":true,""duration_seconds"":30},""normalized_features"":{""enemiesHit"":0.21739130434782608,""damageDone"":",0.9878888477866428,False,0,0,0,0.7277938923809016,0.17533385982760258,0.09687224779149582
2026-08-24T14:31:20.260303+00:00,481.26,0.06078599952161312,200,,"{""filtering"":{""passed"":true,""duration_seconds"":30},""normalized_features"":{""enemiesHit"":0.21739130434782608,""damageDone"":",0.9878888477866428,False,0,0,0,0.7277938923809016,0.17533385982760258,0.09687224779149582
2026-08-24T14:31:50.749491+00:00,435.36,0.15278299991041422,200,,"{""filtering"":{""passed"":true,""duration_seconds"":30},""normalized_features"":{""enemiesHit"":0.21739130434782608,""damageDone"":",0.9878888477866428,False,0,0,0,0.7277938923809016,0.17533385982760258,0.09687224779149582
2026-08-24T14:32:21.185555+00:00,439.4,0.05798899941146374,200,,"{""filtering"":{""passed"":true,""duration_seconds"":30},""normalized_features"":{""enemiesHit"":0.21739130434782608,""damageDone"":",0.9878888477866428,False,0,0,0,0.7277938923809016,0.17533385982760258,0.09687224779149582
2026-08-24T14:32:51.625798+00:00,404.04,0.058588000014424324,200,,"{""filtering"":{""passed"":true,""duration_seconds"":30},""normalized_features"":{""enemiesHit"":0.21739130434782608,""damageDone"":",0.9878888477866428,False,0,0,0,0.7277938923809016,0.17533385982760258,0.09687224779149582
2026-08-24T14:33:22.031067+00:00,420.97,0.06301299948245287,200,,"{""filtering"":{""passed"":true,""duration_seconds"":30},""normalized_features"":{""enemiesHit"":0.21739130434782608,""damageDone"":",0.9878888477866428,False,0,0,0,0.7277938923809016,0.17533385982760258,0.09687224779149582
2026-08-24T14:33:52.452808+00:00,389.56,0.060386999510228634,200,,"{""filtering"":{""passed"":true,""duration_seconds"":30},""normalized_features"":{""enemiesHit"":0.21739130434782608,""damageDone"":",0.9878888477866428,False,0,0,0,0.7277938923809016,0.17533385982760258,0.09687224779149582
2026-08-24T14:34:22.843289+00:00,393.16,0.08279899973422289,200,,"{""filtering"":{""passed"":true,""duration_seconds"":30},""normalized_features"":{""enemiesHit"":0.21739130434782608,""damageDone"":",0.9878888477866428,False,0,0,0,0.7277938923809016,0.17533385982760258,0.09687224779149582
2026-08-24T14:34:53.237453+00:00,437.34,0.05738699994981289,200,,"{""filtering"":{""passed"":true,""duration_seconds"":30},""normalized_features"":{""enemiesHit"":0.21739130434782608,""damageDone"":",0.9878888477866428,False,0,0,0,0.7277938923809016,0.17533385982760258,0.09687224779149582
2026-08-24T14:35:23.675585+00:00,394.85,0.058437999337911606,200,,"{""filtering"":{""passed"":true,""duration_seconds"":30},""normalized_features"":{""enemiesHit"":0.21739130434782608,""damageDone"":",0.9878888477866428,False,0,0,0,0.7277938923809016,0.17533385982760258,0.09687224779149582
2026-08-24T14:35:54.071380+00:00,444.7,0.06510300002992153,200,,"{""filtering"":{""passed"":true,""duration_seconds"":30},""normalized_features"":{""enemiesHit"":0.21739130434782608,""damageDone"":",0.9878888477866428,False,0,0,0,0.7277938923809016,0.17533385982760258,0.09687224779149582
2026-08-24T14:36:24.517214+00:00,505.5,0.06209199968725443,200,,"{""filtering"":{""passed"":true,""duration_seconds"":30},""normalized_features"":{""enemiesHit"":0.21739130434782608,""damageDone"":",0.9878888477866428,False,0,0,0,0.7277938923809016,0.17533385982760258,0.09687224779149582
2026-08-24T14:36:55.023678+00:00,420.2,0.05955499969422817,200,,"{""filtering"":{""passed"":true,""duration_seconds"":30},""normalized_features"":{""enemiesHit"":0.21739130434782608,""damageDone"":",0.9878888477866428,False,0,0,0,0.7277938923809016,0.17533385982760258,0.09687224779149582
2026-08-24T14:37:25.444875+00:00,1110.02,0.06100400071591139,200,,"{""filtering"":{""passed"":true,""duration_seconds"":30},""normalized_features"":{""enemiesHit"":0.21739130434782608,""damageDone"":",0.9878888477866428,False,0,0,0,0.7277938923809016,0.17533385982760258,0.09687224779149582
2026-08-24T14:37:56.555604+00:00,473.1,0.08722400013357401,200,,"{""filtering"":{""passed"":true,""duration_seconds"":30},""normalized_features"":{""enemiesHit"":0.21739130434782608,""damageDone"":",0.9878888477866428,False,0,0,0,0.7277938923809016,0.17533385982760258,0.09687224779149582
2026-08-24T14:38:27.029491+00:00,454.99,0.059634000062942505,200,,"{""filtering"":{""passed"":true,""duration_seconds"":30},""normalized_features"":{""enemiesHit"":0.21739130434782608,""damageDone"":",0.9878888477866428,False,0,0,0,0.7277938923809016,0.17533385982760258,0.09687224779149582
2026-08-24T14:38:57.485028+00:00,451.22,0.05889400001615286,200,,"{""filtering"":{""passed"":true,""duration_seconds"":30},""normalized_features"":{""enemiesHit"":0.21739130434782608,""damageDone"":",0.9878888477866428,False,0,0,0,0.7277938923809016,0.17533385982760258,0.09687224779149582
2026-08-24T14:39:27.937330+00:00,441.73,0.0584890004247427,200,,"{""filtering"":{""passed"":true,""duration_seconds"":30},""normalized_features"":{""enemiesHit"":0.21739130434782608,""damageDone"":",0.9878888477866428,False,0,0,0,0.7277938923809016,0.17533385982760258,0.09687224779149582
2026-08-24T14:39:58.379885+00:00,453.16,0.0603449996560812,200,,"{""filtering"":{""passed"":true,""duration_seconds"":30},""normalized_features"":{""enemiesHit"":0.21739130434782608,""damageDone"":",0.9878888477866428,False,0,0,0,0.7277938923809016,0.17533385982760258,0.09687224779149582
2026-08-24T14:40:28.835223+00:00,527.69,0.06372599955648184,200,,"{""filtering"":{""passed"":true,""duration_seconds"":30},""normalized_features"":{""enemiesHit"":0.21739130434782608,""damageDone"":",0.9878888477866428,False,0,0,0,0.7277938923809016,0.17533385982760258,0.09687224779149582
2026-08-24T14:40:59.364051+00:00,434.08,0.06223300006240606,200,,"{""filtering"":{""passed"":true,""duration_seconds"":30},""normalized_features"":{""enemiesHit"":0.21739130434782608,""damageDone"":",0.9878888477866428,False,0,0,0,0.7277938923809016,0.17533385982760258,0.09687224779149582
2026-08-24T14:41:29.799008+00:00,524.58,0.05626400001347065,200,,"{""filtering"":{""passed"":true,""duration_seconds"":30},""normalized_features"":{""enemiesHit"":0.21739130434782608,""damageDone"":",0.9878888477866428,False,0,0,0,0.7277938923809016,0.17533385982760258,0.09687224779149582
2026-08-24T14:42:00.324329+00:00,470.21,0.08244299981743097,200,,"{""filtering"":{""passed"":true,""duration_seconds"":30},""normalized_features"":{""enemiesHit"":0.21739130434782608,""damageDone"":",0.9878888477866428,False,0,0,0,0.7277938923809016,0.17533385982760258,0.09687224779149582
2026-08-24T14:42:30.795869+00:00,451.76,0.12294699996709824,200,,"{""filtering"":{""passed"":true,""duration_seconds"":30},""normalized_features"":{""enemiesHit"":0.21739130434782608,""damageDone"":",0.9878888477866428,False,0,0,0,0.7277938923809016,0.17533385982760258,0.09687224779149582
2026-08-24T14:43:01.248397+00:00,472.32,0.08134799916297197,200,,"{""filtering"":{""passed"":true,""duration_seconds"":30},""normalized_features"":{""enemiesHit"":0.21739130434782608,""damageDone"":",0.9878888477866428,False,0,0,0,0.7277938923809016,0.17533385982760258,0.09687224779149582
2026-08-24T14:43:31.721518+00:00,455.62,0.062327999621629715,200,,"{""filtering"":{""passed"":true,""duration_seconds"":30},""normalized_features"":{""enemiesHit"":0.21739130434782608,""damageDone"":",0.9878888477866428,False,0,0,0,0.7277938923809016,0.17533385982760258,0.09687224779149582
2026-08-24T14:44:02.178286+00:00,469.5,0.05663400050252676,200,,"{""filtering"":{""passed"":true,""duration_seconds"":30},""normalized_features"":{""enemiesHit"":0.21739130434782608,""damageDone"":",0.9878888477866428,False,0,0,0,0.7277938923809016,0.17533385982760258,0.09687224779149582
2026-08-24T14:44:32.648791+00:00,448.96,0.05622099991887808,200,,"{""filtering"":{""passed"":true,""duration_seconds"":30},""normalized_features"":{""enemiesHit"":0.21739130434782608,""damageDone"":",0.9878888477866428,False,0,0,0,0.7277938923809016,0.17533385982760258,0.09687224779149582
2026-08-24T14:45:03.098922+00:00,481.0,0.05494699999690056,200,,"{""filtering"":{""passed"":true,""duration_seconds"":30},""normalized_features"":{""enemiesHit"":0.21739130434782608,""damageDone"":",0.9878888477866428,False,0,0,0,0.7277938923809016,0.17533385982760258,0.09687224779149582
2026-08-24T14:45:33.580500+00:00,426.58,0.10765300039201975,200,,"{""filtering"":{""passed"":true,""duration_seconds"":30},""normalized_features"":{""enemiesHit"":0.21739130434782608,""damageDone"":",0.9878888477866428,False,0,0,0,0.7277938923809016,0.17533385982760258,0.09687224779149582
2026-08-24T14:46:04.008604+00:00,449.74,0.059356000274419785,200,,"{""filtering"":{""passed"":true,""duration_seconds"":30},""normalized_features"":{""enemiesHit"":0.21739130434782608,""damageDone"":",0.9878888477866428,False,0,0,0,0.7277938923809016,0.17533385982760258,0.09687224779149582
