timestamp,latency_ms,status_code,error,body_preview,target_multiplier,multiplier_clamped,delta_combat,delta_collect,delta_explore,soft_combat,soft_collect,soft_explore
2026-08-24T10:52:30.510577+00:00,1112.23,200,,"{""filtering"":{""passed"":true,""duration_seconds"":30},""normalized_features"":{""enemiesHit"":0.21739130434782608,""damageDone"":",1.0855424663680804,False,0.11833816771427047,-0.04739984205171921,-0.07093832566255126,0.7277938923809016,0.17533385982760258,0.09687224779149582
2026-08-24T10:52:31.634646+00:00,416.22,200,,"{""filtering"":{""passed"":true,""duration_seconds"":30},""normalized_features"":{""enemiesHit"":0.21739130434782608,""damageDone"":",1.0587605965636362,False,0.08283671739998932,-0.03317988943620348,-0.04965682796378587,0.7277938923809016,0.17533385982760258,0.09687224779149582
2026-08-24T10:52:32.052719+00:00,417.13,200,,"{""filtering"":{""passed"":true,""duration_seconds"":30},""normalized_features"":{""enemiesHit"":0.21739130434782608,""damageDone"":",1.0378441311455313,False,0.05798570217999255,-0.023225922605342425,-0.034759779574650124,0.7277938923809016,0.17533385982760258,0.09687224779149582
2026-08-24T10:52:32.471024+00:00,427.11,200,,"{""filtering"":{""passed"":true,""duration_seconds"":30},""normalized_features"":{""enemiesHit"":0.21739130434782608,""damageDone"":",1.0232026053528571,False,0.04058999152599474,-0.01625814582373969,-0.024331845702255078,0.7277938923809016,0.17533385982760258,0.09687224779149582
2026-08-24T10:52:32.898875+00:00,510.08,200,,"{""filtering"":{""passed"":true,""duration_seconds"":30},""normalized_features"":{""enemiesHit"":0.21739130434782608,""damageDone"":",1.0129535372979859,False,0.028412994068196307,-0.011380702076617788,-0.017032291991578546,0.7277938923809016,0.17533385982760258,0.09687224779149582
2026-08-24T10:52:33.410157+00:00,439.98,200,,"{""filtering"":{""passed"":true,""duration_seconds"":30},""normalized_features"":{""enemiesHit"":0.21739130434782608,""damageDone"":",1.0057791896595758,False,0.01988909584773746,-0.007966491453632457,-0.011922604394104988,0.7277938923809016,0.17533385982760258,0.09687224779149582
2026-08-24T10:52:33.850939+00:00,418.28,200,,"{""filtering"":{""passed"":true,""duration_seconds"":30},""normalized_features"":{""enemiesHit"":0.21739130434782608,""damageDone"":",1.0004712681813812,False,0.01392236709341621,-0.005576544017542734,-0.00834582307587349,0.7277938923809016,0.17533385982760258,0.09687224779149582
2026-08-24T10:52:34.269885+00:00,439.03,200,,"{""filtering"":{""passed"":true,""duration_seconds"":30},""normalized_features"":{""enemiesHit"":0.21739130434782608,""damageDone"":",0.9966965420629597,False,0.009745656965391314,-0.0039035808122799,-0.005842076153111442,0.7277938923809016,0.17533385982760258,0.09687224779149582
2026-08-24T10:52:34.708890+00:00,735.72,200,,"{""filtering"":{""passed"":true,""duration_seconds"":30},""normalized_features"":{""enemiesHit"":0.21739130434782608,""damageDone"":",0.9940542337800649,False,0.006821959875773942,-0.002732506568595916,-0.004089453307178012,0.7277938923809016,0.17533385982760258,0.09687224779149582
2026-08-24T10:52:35.439937+00:00,403.98,200,,"{""filtering"":{""passed"":true,""duration_seconds"":30},""normalized_features"":{""enemiesHit"":0.21739130434782608,""damageDone"":",0.9922046179820381,False,0.0047753719130417815,-0.0019127545980171523,-0.0028626173150246154,0.7277938923809016,0.17533385982760258,0.09687224779149582
2026-08-24T10:52:35.847708+00:00,437.82,200,,"{""filtering"":{""passed"":true,""duration_seconds"":30},""normalized_features"":{""enemiesHit"":0.21739130434782608,""damageDone"":",0.9909098869234196,False,0.0033427603391292804,-0.0013389282186120066,-0.002003832120517232,0.7277938923809016,0.17533385982760258,0.09687224779149582
2026-08-24T10:52:36.287980+00:00,441.83,200,,"{""filtering"":{""passed"":true,""duration_seconds"":30},""normalized_features"":{""enemiesHit"":0.21739130434782608,""damageDone"":",0.9900035751823864,False,0.002339932237390485,-0.0009372497530283908,-0.0014026824843620528,0.7277938923809016,0.17533385982760258,0.09687224779149582
2026-08-24T10:52:36.724407+00:00,425.77,200,,"{""filtering"":{""passed"":true,""duration_seconds"":30},""normalized_features"":{""enemiesHit"":0.21739130434782608,""damageDone"":",0.9893691569636638,False,0.001637952566173273,-0.0006560748271198791,-0.0009818777390534356,0.7277938923809016,0.17533385982760258,0.09687224779149582
2026-08-24T10:52:37.155099+00:00,427.34,200,,"{""filtering"":{""passed"":true,""duration_seconds"":30},""normalized_features"":{""enemiesHit"":0.21739130434782608,""damageDone"":",0.9889250642105574,False,0.0011465667963213022,-0.0004592523789839209,-0.0006873144173374091,0.7277938923809016,0.17533385982760258,0.09687224779149582
2026-08-24T10:52:37.577420+00:00,427.23,200,,"{""filtering"":{""passed"":true,""duration_seconds"":30},""normalized_features"":{""enemiesHit"":0.21739130434782608,""damageDone"":",0.9886141992833835,False,0.0008025967574250004,-0.00032147666528875574,-0.0004811200921361891,0.7277938923809016,0.17533385982760258,0.09687224779149582
2026-08-24T10:52:38.013306+00:00,423.33,200,,"{""filtering"":{""passed"":true,""duration_seconds"":30},""normalized_features"":{""enemiesHit"":0.21739130434782608,""damageDone"":",0.9883965938343611,False,0.000561817730197478,-0.0002250336657021179,-0.0003367840644953324,0.7277938923809016,0.17533385982760258,0.09687224779149582
2026-08-24T10:52:38.436800+00:00,400.51,200,,"{""filtering"":{""passed"":true,""duration_seconds"":30},""normalized_features"":{""enemiesHit"":0.21739130434782608,""damageDone"":",0.9882442700200456,False,0.0003932724111381791,-0.00015752356599146866,-0.00023574884514672434,0.7277938923809016,0.17533385982760258,0.09687224779149582
2026-08-24T10:52:38.839402+00:00,442.19,200,,"{""filtering"":{""passed"":true,""duration_seconds"":30},""normalized_features"":{""enemiesHit"":0.21739130434782608,""damageDone"":",0.9881376433500251,False,0.0002752906877967476,-0.00011026649619402806,-0.00016502419160271953,0.7277938923809016,0.17533385982760258,0.09687224779149582
2026-08-24T10:52:39.282599+00:00,449.85,200,,"{""filtering"":{""passed"":true,""duration_seconds"":30},""normalized_features"":{""enemiesHit"":0.21739130434782608,""damageDone"":",0.9880630046810099,False,0.0001927034814577233,-7.718654733582242e-05,-0.0001155169341219009,0.7277938923809016,0.17533385982760258,0.09687224779149582
2026-08-24T10:52:39.722286+00:00,472.14,200,,"{""filtering"":{""passed"":true,""duration_seconds"":30},""normalized_features"":{""enemiesHit"":0.21739130434782608,""damageDone"":",0.9880107576126997,False,0.0001348924370203619,-5.403058313507847e-05,-8.086185388532507e-05,0.7277938923809016,0.17533385982760258,0.09687224779149582
2026-08-24T10:52:40.205611+00:00,401.78,200,,"{""filtering"":{""passed"":true,""duration_seconds"":30},""normalized_features"":{""enemiesHit"":0.21739130434782608,""damageDone"":",0.9879741846648826,False,9.442470591425334e-05,-3.782140819455493e-05,-5.6603297719726164e-05,0.7277938923809016,0.17533385982760258,0.09687224779149582
2026-08-24T10:52:40.608411+00:00,440.84,200,,"{""filtering"":{""passed"":true,""duration_seconds"":30},""normalized_features"":{""enemiesHit"":0.21739130434782608,""damageDone"":",0.9879485836014106,False,6.609729413997734e-05,-2.6474985736185674e-05,-3.962230840380554e-05,0.7277938923809016,0.17533385982760258,0.09687224779149582
2026-08-24T10:52:41.050709+00:00,419.96,200,,"{""filtering"":{""passed"":true,""duration_seconds"":30},""normalized_features"":{""enemiesHit"":0.21739130434782608,""damageDone"":",0.9879306628569808,False,4.6268105898028544e-05,-1.85324900153494e-05,-2.7735615882665265e-05,0.7277938923809016,0.17533385982760258,0.09687224779149582
2026-08-24T10:52:41.470705+00:00,432.05,200,,"{""filtering"":{""passed"":true,""duration_seconds"":30},""normalized_features"":{""enemiesHit"":0.21739130434782608,""damageDone"":",0.987918118335879,False,3.238767412860888e-05,-1.2972743010736254e-05,-1.9414931117872625e-05,0.7277938923809016,0.17533385982760258,0.09687224779149582
2026-08-24T10:52:41.907671+00:00,439.99,200,,"{""filtering"":{""passed"":true,""duration_seconds"":30},""normalized_features"":{""enemiesHit"":0.21739130434782608,""damageDone"":",0.9879093371711083,False,2.267137189004842e-05,-9.080920107512602e-06,-1.3590451782508062e-05,0.7277938923809016,0.17533385982760258,0.09687224779149582
2026-08-24T10:52:42.348854+00:00,405.44,200,,"{""filtering"":{""passed"":true,""duration_seconds"":30},""normalized_features"":{""enemiesHit"":0.21739130434782608,""damageDone"":",0.9879031903557691,False,1.5869960322989485e-05,-6.356644075250495e-06,-9.513316247752868e-06,0.7277938923809016,0.17533385982760258,0.09687224779149582
2026-08-24T10:52:42.755618+00:00,448.41,200,,"{""filtering"":{""passed"":true,""duration_seconds"":30},""normalized_features"":{""enemiesHit"":0.21739130434782608,""damageDone"":",0.987898887585031,False,1.1108972226114844e-05,-4.449650852694775e-06,-6.659321373433946e-06,0.7277938923809016,0.17533385982760258,0.09687224779149582
2026-08-24T10:52:43.205457+00:00,450.94,200,,"{""filtering"":{""passed"":true,""duration_seconds"":30},""normalized_features"":{""enemiesHit"":0.21739130434782608,""damageDone"":",0.9878958756455141,False,7.776280558258186e-06,-3.1147555968891183e-06,-4.6615249613968235e-06,0.7277938923809016,0.17533385982760258,0.09687224779149582
2026-08-24T10:52:43.657463+00:00,422.97,200,,"{""filtering"":{""passed"":true,""duration_seconds"":30},""normalized_features"":{""enemiesHit"":0.21739130434782608,""damageDone"":",0.9878937672878532,False,5.443396390858446e-06,-2.1803289178001783e-06,-3.263067472975001e-06,0.7277938923809016,0.17533385982760258,0.09687224779149582
2026-08-24T10:52:44.069672+00:00,432.23,200,,"{""filtering"":{""passed"":true,""duration_seconds"":30},""normalized_features"":{""enemiesHit"":0.21739130434782608,""damageDone"":",0.9878922914374899,False,3.810377473545401e-06,-1.526230242465676e-06,-2.284147231093603e-06,0.7277938923809016,0.17533385982760258,0.09687224779149582
2026-08-24T10:52:44.514709+00:00,413.99,200,,"{""filtering"":{""passed"":true,""duration_seconds"":30},""normalized_features"":{""enemiesHit"":0.21739130434782608,""damageDone"":",0.9878912583422361,False,2.6672642314817807e-06,-1.0683611697259732e-06,-1.5989030617558075e-06,0.7277938923809016,0.17533385982760258,0.09687224779149582
2026-08-24T10:52:44.930354+00:00,468.94,200,,"{""filtering"":{""passed"":true,""duration_seconds"":30},""normalized_features"":{""enemiesHit"":0.21739130434782608,""damageDone"":",0.9878905351755578,False,1.8670849620816554e-06,-7.478528188109568e-07,-1.1192321432290653e-06,0.7277938923809016,0.17533385982760258,0.09687224779149582
2026-08-24T10:52:45.401201+00:00,449.27,200,,"{""filtering"":{""passed"":true,""duration_seconds"":30},""normalized_features"":{""enemiesHit"":0.21739130434782608,""damageDone"":",0.9878900289588837,False,1.306959473423852e-06,-5.234969731593431e-07,-7.83462500264509e-07,0.7277938923809016,0.17533385982760258,0.09687224779149582
2026-08-24T10:52:45.850883+00:00,477.92,200,,"{""filtering"":{""passed"":true,""duration_seconds"":30},""normalized_features"":{""enemiesHit"":0.21739130434782608,""damageDone"":",0.9878896746072114,False,9.148716314522076e-07,-3.664478812337446e-07,-5.484237501907074e-07,0.7277938923809016,0.17533385982760258,0.09687224779149582
2026-08-24T10:52:46.324869+00:00,404.52,200,,"{""filtering"":{""passed"":true,""duration_seconds"":30},""normalized_features"":{""enemiesHit"":0.21739130434782608,""damageDone"":",0.9878894265610407,False,6.404101419166253e-07,-2.565135168441923e-07,-3.838966251279441e-07,0.7277938923809016,0.17533385982760258,0.09687224779149582
2026-08-24T10:52:46.735741+00:00,446.39,200,,"{""filtering"":{""passed"":true,""duration_seconds"":30},""normalized_features"":{""enemiesHit"":0.21739130434782608,""damageDone"":",0.9878892529287211,False,4.4828709944155776e-07,-1.795594617992613e-07,-2.687276375867853e-07,0.7277938923809016,0.17533385982760258,0.09687224779149582
2026-08-24T10:52:47.182669+00:00,461.69,200,,"{""filtering"":{""passed"":true,""duration_seconds"":30},""normalized_features"":{""enemiesHit"":0.21739130434782608,""damageDone"":",0.9878891313860985,False,3.1380096954247705e-07,-1.2569162324838068e-07,-1.8810934630797416e-07,0.7277938923809016,0.17533385982760258,0.09687224779149582
2026-08-24T10:52:47.646747+00:00,481.55,200,,"{""filtering"":{""passed"":true,""duration_seconds"":30},""normalized_features"":{""enemiesHit"":0.21739130434782608,""damageDone"":",0.9878890463062613,False,2.1966067864642724e-07,-8.798413628219315e-08,-1.3167654241974525e-07,0.7277938923809016,0.17533385982760258,0.09687224779149582
2026-08-24T10:52:48.122123+00:00,426.49,200,,"{""filtering"":{""passed"":true,""duration_seconds"":30},""normalized_features"":{""enemiesHit"":0.21739130434782608,""damageDone"":",0.987888986750376,False,1.5376247508580576e-07,-6.158889540031076e-08,-9.217357969937279e-08,0.7277938923809016,0.17533385982760258,0.09687224779149582
2026-08-24T10:52:48.556093+00:00,386.01,200,,"{""filtering"":{""passed"":true,""duration_seconds"":30},""normalized_features"":{""enemiesHit"":0.21739130434782608,""damageDone"":",0.9878889450612556,False,1.0763373259337072e-07,-4.3112226788544206e-08,-6.452150579094873e-08,0.7277938923809016,0.17533385982760258,0.09687224779149582
2026-08-24T10:52:48.944207+00:00,419.21,200,,"{""filtering"":{""passed"":true,""duration_seconds"":30},""normalized_features"":{""enemiesHit"":0.21739130434782608,""damageDone"":",0.987888915878872,False,7.534361279315505e-08,-3.01785587353276e-08,-4.516505404394966e-08,0.7277938923809016,0.17533385982760258,0.09687224779149582
2026-08-24T10:52:49.363936+00:00,437.39,200,,"{""filtering"":{""passed"":true,""duration_seconds"":30},""normalized_features"":{""enemiesHit"":0.21739130434782608,""damageDone"":",0.9878888954512028,False,5.27405289441063e-08,-2.1124991117504877e-08,-3.161553784047921e-08,0.7277938923809016,0.17533385982760258,0.09687224779149582
2026-08-24T10:52:49.801006+00:00,448.98,200,,"{""filtering"":{""passed"":true,""duration_seconds"":30},""normalized_features"":{""enemiesHit"":0.21739130434782608,""damageDone"":",0.9878888811518354,False,3.691837024977218e-08,-1.4787493785028971e-08,-2.2130876478620998e-08,0.7277938923809016,0.17533385982760258,0.09687224779149582
2026-08-24T10:52:50.237971+00:00,409.15,200,,"{""filtering"":{""passed"":true,""duration_seconds"":30},""normalized_features"":{""enemiesHit"":0.21739130434782608,""damageDone"":",0.9878888711422777,False,2.5842859185942757e-08,-1.035124563841805e-08,-1.549161353364692e-08,0.7277938923809016,0.17533385982760258,0.09687224779149582
2026-08-24T10:52:50.662014+00:00,446.85,200,,"{""filtering"":{""passed"":true,""duration_seconds"":30},""normalized_features"":{""enemiesHit"":0.21739130434782608,""damageDone"":",0.9878888641355874,False,1.809000149677331e-08,-7.245871957994865e-09,-1.0844129483267295e-08,0.7277938923809016,0.17533385982760258,0.09687224779149582
2026-08-24T10:52:51.106291+00:00,445.53,200,,"{""filtering"":{""passed"":true,""duration_seconds"":30},""normalized_features"":{""enemiesHit"":0.21739130434782608,""damageDone"":",0.9878888592309043,False,1.2663000981127936e-08,-5.0721103705964055e-09,-7.590890638287107e-09,0.7277938923809016,0.17533385982760258,0.09687224779149582
2026-08-24T10:52:51.550050+00:00,438.45,200,,"{""filtering"":{""passed"":true,""duration_seconds"":30},""normalized_features"":{""enemiesHit"":0.21739130434782608,""damageDone"":",0.9878888557976253,False,8.864100675687325e-09,-3.5504772732952716e-09,-5.313623444025417e-09,0.7277938923809016,0.17533385982760258,0.09687224779149582
2026-08-24T10:52:51.993505+00:00,452.56,200,,"{""filtering"":{""passed"":true,""duration_seconds"":30},""normalized_features"":{""enemiesHit"":0.21739130434782608,""damageDone"":",0.9878888533943302,False,6.2048705062878184e-09,-2.4853340774289023e-09,-3.7195364149811283e-09,0.7277938923809016,0.17533385982760258,0.09687224779149582
2026-08-24T10:52:52.447823+00:00,419.02,200,,"{""filtering"":{""passed"":true,""duration_seconds"":30},""normalized_features"":{""enemiesHit"":0.21739130434782608,""damageDone"":",0.9878888517120243,False,4.343409298890322e-09,-1.7397338569757892e-09,-2.603675483547896e-09,0.7277938923809016,0.17533385982760258,0.09687224779149582
2026-08-24T10:52:52.868508+00:00,473.32,200,,"{""filtering"":{""passed"":true,""duration_seconds"":30},""normalized_features"":{""enemiesHit"":0.21739130434782608,""damageDone"":",0.9878888505344094,False,3.0403866091432974e-09,-1.2178137109852827e-09,-1.8225728426468635e-09,0.7277938923809016,0.17533385982760258,0.09687224779149582
2026-08-24T10:52:53.342743+00:00,527.27,200,,"{""filtering"":{""passed"":true,""duration_seconds"":30},""normalized_features"":{""enemiesHit"":0.21739130434782608,""damageDone"":",0.9878888497100795,False,2.1282705597869267e-09,-8.524695949141403e-10,-1.275800992628362e-09,0.7277938923809016,0.17533385982760258,0.09687224779149582
2026-08-24T10:52:53.870545+00:00,495.97,200,,"{""filtering"":{""passed"":true,""duration_seconds"":30},""normalized_features"":{""enemiesHit"":0.21739130434782608,""damageDone"":",0.9878888491330489,False,1.489789402953079e-09,-5.967286942354377e-10,-8.930606948398534e-10,0.7277938923809016,0.17533385982760258,0.09687224779149582
2026-08-24T10:52:54.367636+00:00,425.85,200,,"{""filtering"":{""passed"":true,""duration_seconds"":30},""normalized_features"":{""enemiesHit"":0.21739130434782608,""damageDone"":",0.9878888487291273,False,1.0428525820671553e-09,-4.1771008874036397e-10,-6.251424794490035e-10,0.7277938923809016,0.17533385982760258,0.09687224779149582
2026-08-24T10:52:54.783841+00:00,462.35,200,,"{""filtering"":{""passed"":true,""duration_seconds"":30},""normalized_features"":{""enemiesHit"":0.21739130434782608,""damageDone"":",0.9878888484463819,False,7.299968407536994e-10,-2.9239707877160015e-10,-4.3759973422652365e-10,0.7277938923809016,0.17533385982760258,0.09687224779149582
2026-08-24T10:52:55.244512+00:00,401.98,200,,"{""filtering"":{""passed"":true,""duration_seconds"":30},""normalized_features"":{""enemiesHit"":0.21739130434782608,""damageDone"":",0.9878888482484598,False,5.109977996298198e-10,-2.046779412623323e-10,-3.063198167341241e-10,0.7277938923809016,0.17533385982760258,0.09687224779149582
2026-08-24T10:52:55.658473+00:00,453.44,200,,"{""filtering"":{""passed"":true,""duration_seconds"":30},""normalized_features"":{""enemiesHit"":0.21739130434782608,""damageDone"":",0.9878888481099142,False,3.5769842643418315e-10,-1.432745588836326e-10,-2.1442386755055054e-10,0.7277938923809016,0.17533385982760258,0.09687224779149582
2026-08-24T10:52:56.101081+00:00,456.48,200,,"{""filtering"":{""passed"":true,""duration_seconds"":30},""normalized_features"":{""enemiesHit"":0.21739130434782608,""damageDone"":",0.9878888480129331,False,2.5038893181061894e-10,-1.0029219121854283e-10,-1.500967128365005e-10,0.7277938923809016,0.17533385982760258,0.09687224779149582
2026-08-24T10:52:56.570722+00:00,433.38,200,,"{""filtering"":{""passed"":true,""duration_seconds"":30},""normalized_features"":{""enemiesHit"":0.21739130434782608,""damageDone"":",0.9878888479450461,False,1.7527224116520301e-10,-7.020453662853754e-11,-1.0506770453666547e-10,0.7277938923809016,0.17533385982760258,0.09687224779149582
2026-08-24T10:52:57.005577+00:00,464.45,200,,"{""filtering"":{""passed"":true,""duration_seconds"":30},""normalized_features"":{""enemiesHit"":0.21739130434782608,""damageDone"":",0.987888847897525,False,1.2269052440672112e-10,-4.9143189517764085e-11,-7.354739040010827e-11,0.7277938923809016,0.17533385982760258,0.09687224779149582
2026-08-24T10:52:57.471234+00:00,438.91,200,,"{""filtering"":{""passed"":true,""duration_seconds"":30},""normalized_features"":{""enemiesHit"":0.21739130434782608,""damageDone"":",0.9878888478642607,False,8.588341149362577e-11,-3.440023266243486e-11,-5.1483164953403104e-11,0.7277938923809016,0.17533385982760258,0.09687224779149582
2026-08-24T10:52:57.909871+00:00,426.32,200,,"{""filtering"":{""passed"":true,""duration_seconds"":30},""normalized_features"":{""enemiesHit"":0.21739130434782608,""damageDone"":",0.9878888478409753,False,6.01183547388473e-11,-2.4080154537031717e-11,-3.603821407960339e-11,0.7277938923809016,0.17533385982760258,0.09687224779149582
2026-08-24T10:52:58.328170+00:00,411.65,200,,"{""filtering"":{""passed"":true,""duration_seconds"":30},""normalized_features"":{""enemiesHit"":0.21739130434782608,""damageDone"":",0.9878888478246752,False,4.2082892726114096e-11,-1.6856099849249517e-11,-2.5226751243501155e-11,0.7277938923809016,0.17533385982760258,0.09687224779149582
2026-08-24T10:52:58.749752+00:00,435.78,200,,"{""filtering"":{""passed"":true,""duration_seconds"":30},""normalized_features"":{""enemiesHit"":0.21739130434782608,""damageDone"":",0.9878888478132655,False,2.945799160158913e-11,-1.179928377226247e-11,-1.7658735584902274e-11,0.7277938923809016,0.17533385982760258,0.09687224779149582
2026-08-24T10:52:59.179097+00:00,493.07,200,,"{""filtering"":{""passed"":true,""duration_seconds"":30},""normalized_features"":{""enemiesHit"":0.21739130434782608,""damageDone"":",0.987888847805279,False,2.0620616325572882e-11,-8.259504191698852e-12,-1.236111213387403e-11,0.7277938923809016,0.17533385982760258,0.09687224779149582
2026-08-24T10:52:59.678466+00:00,612.9,200,,"{""filtering"":{""passed"":true,""duration_seconds"":30},""normalized_features"":{""enemiesHit"":0.21739130434782608,""damageDone"":",0.9878888477996881,False,1.443445363236151e-11,-5.7816529341891965e-12,-8.652772942596698e-12,0.7277938923809016,0.17533385982760258,0.09687224779149582
2026-08-24T10:53:00.291890+00:00,425.32,200,,"{""filtering"":{""passed"":true,""duration_seconds"":30},""normalized_features"":{""enemiesHit"":0.21739130434782608,""damageDone"":",0.9878888477957748,False,1.0104028724811087e-11,-4.047151502817314e-12,-6.056946610932812e-12,0.7277938923809016,0.17533385982760258,0.09687224779149582
2026-08-24T10:53:00.715656+00:00,465.23,200,,"{""filtering"":{""passed"":true,""duration_seconds"":30},""normalized_features"":{""enemiesHit"":0.21739130434782608,""damageDone"":",0.9878888477930352,False,7.072897822979485e-12,-2.8330116030872432e-12,-4.239858464316626e-12,0.7277938923809016,0.17533385982760258,0.09687224779149582
2026-08-24T10:53:01.181266+00:00,415.51,200,,"{""filtering"":{""passed"":true,""duration_seconds"":30},""normalized_features"":{""enemiesHit"":0.21739130434782608,""damageDone"":",0.987888847791117,False,4.9510395783158856e-12,-1.9831081221610702e-12,-2.9679037005791997e-12,0.7277938923809016,0.17533385982760258,0.09687224779149582
2026-08-24T10:53:01.588580+00:00,436.46,200,,"{""filtering"":{""passed"":true,""duration_seconds"":30},""normalized_features"":{""enemiesHit"":0.21739130434782608,""damageDone"":",0.9878888477897751,False,3.4656721936698887e-12,-1.3881673588400645e-12,-2.07753259040544e-12,0.7277938923809016,0.17533385982760258,0.09687224779149582
2026-08-24T10:53:02.034901+00:00,412.0,200,,"{""filtering"":{""passed"":true,""duration_seconds"":30},""normalized_features"":{""enemiesHit"":0.21739130434782608,""damageDone"":",0.9878888477888359,False,2.4259483311084296e-12,-9.717227023031683e-13,-1.4542672621686847e-12,0.7277938923809016,0.17533385982760258,0.09687224779149582
2026-08-24T10:53:02.447480+00:00,412.0,200,,"{""filtering"":{""passed"":true,""duration_seconds"":30},""normalized_features"":{""enemiesHit"":0.21739130434782608,""damageDone"":",0.9878888477881778,False,1.6981971384666394e-12,-6.802058916122178e-13,-1.0179912468544217e-12,0.7277938923809016,0.17533385982760258,0.09687224779149582
2026-08-24T10:53:02.859840+00:00,427.18,200,,"{""filtering"":{""passed"":true,""duration_seconds"":30},""normalized_features"":{""enemiesHit"":0.21739130434782608,""damageDone"":",0.9878888477877172,False,1.1887157924661551e-12,-4.76146899686114e-13,-7.125966483556567e-13,0.7277938923809016,0.17533385982760258,0.09687224779149582
2026-08-24T10:53:03.283092+00:00,448.66,200,,"{""filtering"":{""passed"":true,""duration_seconds"":30},""normalized_features"":{""enemiesHit"":0.21739130434782608,""damageDone"":",0.987888847787395,False,8.321121569565548e-13,-3.33288951992472e-13,-4.98809327176275e-13,0.7277938923809016,0.17533385982760258,0.09687224779149582
2026-08-24T10:53:03.735642+00:00,466.9,200,,"{""filtering"":{""passed"":true,""duration_seconds"":30},""normalized_features"":{""enemiesHit"":0.21739130434782608,""damageDone"":",0.9878888477871695,False,5.825340210208196e-13,-2.3331336862497665e-13,-3.4917901903241955e-13,0.7277938923809016,0.17533385982760258,0.09687224779149582
2026-08-24T10:53:04.191777+00:00,410.98,200,,"{""filtering"":{""passed"":true,""duration_seconds"":30},""normalized_features"":{""enemiesHit"":0.21739130434782608,""damageDone"":",0.9878888477870111,False,4.076738946423575e-13,-1.6331380692236053e-13,-2.444155988712282e-13,0.7277938923809016,0.17533385982760258,0.09687224779149582
2026-08-24T10:53:04.614337+00:00,464.23,200,,"{""filtering"":{""passed"":true,""duration_seconds"":30},""normalized_features"":{""enemiesHit"":0.21739130434782608,""damageDone"":",0.9878888477869014,False,2.8543833963112775e-13,-1.143252159607755e-13,-1.7109924588254444e-13,0.7277938923809016,0.17533385982760258,0.09687224779149582
2026-08-24T10:53:05.078534+00:00,424.83,200,,"{""filtering"":{""passed"":true,""duration_seconds"":30},""normalized_features"":{""enemiesHit"":0.21739130434782608,""damageDone"":",0.9878888477868235,False,1.9984014443252818e-13,-8.001932449985816e-14,-1.1976530878143876e-13,0.7277938923809016,0.17533385982760258,0.09687224779149582
2026-08-24T10:53:05.498104+00:00,467.15,200,,"{""filtering"":{""passed"":true,""duration_seconds"":30},""normalized_features"":{""enemiesHit"":0.21739130434782608,""damageDone"":",0.9878888477867693,False,1.3988810110276972e-13,-5.601075159233915e-14,-8.383571614700713e-14,0.7277938923809016,0.17533385982760258,0.09687224779149582
2026-08-24T10:53:05.971882+00:00,425.63,200,,"{""filtering"":{""passed"":true,""duration_seconds"":30},""normalized_features"":{""enemiesHit"":0.21739130434782608,""damageDone"":",0.9878888477867314,False,9.792167077193881e-14,-3.9218628344883655e-14,-5.868916463924734e-14,0.7277938923809016,0.17533385982760258,0.09687224779149582
2026-08-24T10:53:06.400017+00:00,446.0,200,,"{""filtering"":{""passed"":true,""duration_seconds"":30},""normalized_features"":{""enemiesHit"":0.21739130434782608,""damageDone"":",0.9878888477867043,False,6.850076061937216e-14,-2.7450264283856995e-14,-4.107825191113079e-14,0.7277938923809016,0.17533385982760258,0.09687224779149582
2026-08-24T10:53:06.846781+00:00,434.45,200,,"{""filtering"":{""passed"":true,""duration_seconds"":30},""normalized_features"":{""enemiesHit"":0.21739130434782608,""damageDone"":",0.9878888477866863,False,4.796163466380676e-14,-1.9206858326015208e-14,-2.8754776337791554e-14,0.7277938923809016,0.17533385982760258,0.09687224779149582
2026-08-24T10:53:07.281949+00:00,437.5,200,,"{""filtering"":{""passed"":true,""duration_seconds"":30},""normalized_features"":{""enemiesHit"":0.21739130434782608,""damageDone"":",0.9878888477866732,False,3.352873534367973e-14,-1.3433698597964394e-14,-2.0122792321330962e-14,0.7277938923809016,0.17533385982760258,0.09687224779149582
2026-08-24T10:53:07.720085+00:00,441.19,200,,"{""filtering"":{""passed"":true,""duration_seconds"":30},""normalized_features"":{""enemiesHit"":0.21739130434782608,""damageDone"":",0.9878888477866641,False,2.353672812205332e-14,-9.409140133698202e-15,-1.4085954624931674e-14,0.7277938923809016,0.17533385982760258,0.09687224779149582
2026-08-24T10:53:08.162709+00:00,411.47,200,,"{""filtering"":{""passed"":true,""duration_seconds"":30},""normalized_features"":{""enemiesHit"":0.21739130434782608,""damageDone"":",0.9878888477866574,False,1.6431300764452317e-14,-6.6058269965196814e-15,-9.867107131356079e-15,0.7277938923809016,0.17533385982760258,0.09687224779149582
2026-08-24T10:53:08.566385+00:00,411.76,200,,"{""filtering"":{""passed"":true,""duration_seconds"":30},""normalized_features"":{""enemiesHit"":0.21739130434782608,""damageDone"":",0.987888847786653,False,1.1546319456101628e-14,-4.6074255521944e-15,-6.9111383282915995e-15,0.7277938923809016,0.17533385982760258,0.09687224779149582
2026-08-24T10:53:08.987136+00:00,475.64,200,,"{""filtering"":{""passed"":true,""duration_seconds"":30},""normalized_features"":{""enemiesHit"":0.21739130434782608,""damageDone"":",0.9878888477866503,False,7.993605777301127e-15,-3.219646771412954e-15,-4.829470157119431e-15,0.7277938923809016,0.17533385982760258,0.09687224779149582
2026-08-24T10:53:09.448308+00:00,429.58,200,,"{""filtering"":{""passed"":true,""duration_seconds"":30},""normalized_features"":{""enemiesHit"":0.21739130434782608,""damageDone"":",0.9878888477866481,False,5.662137425588298e-15,-2.275957200481571e-15,-3.3861802251067274e-15,0.7277938923809016,0.17533385982760258,0.09687224779149582
2026-08-24T10:53:09.893871+00:00,439.02,200,,"{""filtering"":{""passed"":true,""duration_seconds"":30},""normalized_features"":{""enemiesHit"":0.21739130434782608,""damageDone"":",0.9878888477866463,False,3.9968028886505635e-15,-1.582067810090848e-15,-2.373101715136272e-15,0.7277938923809016,0.17533385982760258,0.09687224779149582
2026-08-24T10:53:10.331686+00:00,408.17,200,,"{""filtering"":{""passed"":true,""duration_seconds"":30},""normalized_features"":{""enemiesHit"":0.21739130434782608,""damageDone"":",0.9878888477866457,False,2.7755575615628914e-15,-1.1102230246251565e-15,-1.6514567491299204e-15,0.7277938923809016,0.17533385982760258,0.09687224779149582
2026-08-24T10:53:10.739550+00:00,414.03,200,,"{""filtering"":{""passed"":true,""duration_seconds"":30},""normalized_features"":{""enemiesHit"":0.21739130434782608,""damageDone"":",0.9878888477866443,False,1.887379141862766e-15,-7.771561172376096e-16,-1.1657341758564144e-15,0.7277938923809016,0.17533385982760258,0.09687224779149582
2026-08-24T10:53:11.156031+00:00,415.01,200,,"{""filtering"":{""passed"":true,""duration_seconds"":30},""normalized_features"":{""enemiesHit"":0.21739130434782608,""damageDone"":",0.9878888477866441,False,1.3322676295501878e-15,-5.273559366969494e-16,-8.049116928532385e-16,0.7277938923809016,0.17533385982760258,0.09687224779149582
2026-08-24T10:53:11.566384+00:00,436.24,200,,"{""filtering"":{""passed"":true,""duration_seconds"":30},""normalized_features"":{""enemiesHit"":0.21739130434782608,""damageDone"":",0.9878888477866437,False,9.992007221626409e-16,-3.885780586188048e-16,-5.689893001203927e-16,0.7277938923809016,0.17533385982760258,0.09687224779149582
2026-08-24T10:53:12.008537+00:00,421.67,200,,"{""filtering"":{""passed"":true,""duration_seconds"":30},""normalized_features"":{""enemiesHit"":0.21739130434782608,""damageDone"":",0.9878888477866437,False,6.661338147750939e-16,-2.7755575615628914e-16,-4.0245584642661925e-16,0.7277938923809016,0.17533385982760258,0.09687224779149582
2026-08-24T10:53:12.432146+00:00,388.71,200,,"{""filtering"":{""passed"":true,""duration_seconds"":30},""normalized_features"":{""enemiesHit"":0.21739130434782608,""damageDone"":",0.9878888477866432,False,4.440892098500626e-16,-1.942890293094024e-16,-2.7755575615628914e-16,0.7277938923809016,0.17533385982760258,0.09687224779149582
2026-08-24T10:53:12.809977+00:00,584.8,200,,"{""filtering"":{""passed"":true,""duration_seconds"":30},""normalized_features"":{""enemiesHit"":0.21739130434782608,""damageDone"":",0.9878888477866437,False,3.3306690738754696e-16,-1.1102230246251565e-16,-1.942890293094024e-16,0.7277938923809016,0.17533385982760258,0.09687224779149582
2026-08-24T10:53:13.408650+00:00,438.98,200,,"{""filtering"":{""passed"":true,""duration_seconds"":30},""normalized_features"":{""enemiesHit"":0.21739130434782608,""damageDone"":",0.9878888477866432,False,2.220446049250313e-16,-8.326672684688674e-17,-1.3877787807814457e-16,0.7277938923809016,0.17533385982760258,0.09687224779149582
2026-08-24T10:53:13.848020+00:00,446.83,200,,"{""filtering"":{""passed"":true,""duration_seconds"":30},""normalized_features"":{""enemiesHit"":0.21739130434782608,""damageDone"":",0.987888847786643,False,1.1102230246251565e-16,-5.551115123125783e-17,-9.71445146547012e-17,0.7277938923809016,0.17533385982760258,0.09687224779149582
2026-08-24T10:53:14.293996+00:00,414.91,200,,"{""filtering"":{""passed"":true,""duration_seconds"":30},""normalized_features"":{""enemiesHit"":0.21739130434782608,""damageDone"":",0.987888847786643,False,1.1102230246251565e-16,-5.551115123125783e-17,-6.938893903907228e-17,0.7277938923809016,0.17533385982760258,0.09687224779149582
2026-08-24T10:53:14.710180+00:00,439.34,200,,"{""filtering"":{""passed"":true,""duration_seconds"":30},""normalized_features"":{""enemiesHit"":0.21739130434782608,""damageDone"":",0.987888847786643,False,1.1102230246251565e-16,-2.7755575615628914e-17,-4.163336342344337e-17,0.7277938923809016,0.17533385982760258,0.09687224779149582
2026-08-24T10:53:15.137515+00:00,443.11,200,,"{""filtering"":{""passed"":true,""duration_seconds"":30},""normalized_features"":{""enemiesHit"":0.21739130434782608,""damageDone"":",0.9878888477866428,False,0,-2.7755575615628914e-17,-2.7755575615628914e-17,0.7277938923809016,0.17533385982760258,0.09687224779149582
2026-08-24T10:53:15.581732+00:00,416.12,200,,"{""filtering"":{""passed"":true,""duration_seconds"":30},""normalized_features"":{""enemiesHit"":0.21739130434782608,""damageDone"":",0.9878888477866428,False,0,-2.7755575615628914e-17,-2.7755575615628914e-17,0.7277938923809016,0.17533385982760258,0.09687224779149582
2026-08-24T10:53:16.002814+00:00,419.51,200,,"{""filtering"":{""passed"":true,""duration_seconds"":30},""normalized_features"":{""enemiesHit"":0.21739130434782608,""damageDone"":",0.9878888477866428,False,0,0,-1.3877787807814457e-17,0.7277938923809016,0.17533385982760258,0.09687224779149582
2026-08-24T10:53:16.424937+00:00,462.95,200,,"{""filtering"":{""passed"":true,""duration_seconds"":30},""normalized_features"":{""enemiesHit"":0.21739130434782608,""damageDone"":",0.9878888477866428,False,0,0,-1.3877787807814457e-17,0.7277938923809016,0.17533385982760258,0.09687224779149582
2026-08-24T10:53:16.894000+00:00,409.11,200,,"{""filtering"":{""passed"":true,""duration_seconds"":30},""normalized_features"":{""enemiesHit"":0.21739130434782608,""damageDone"":",0.9878888477866428,False,0,0,0,0.7277938923809016,0.17533385982760258,0.09687224779149582
2026-08-24T10:53:17.303835+00:00,429.39,200,,"{""filtering"":{""passed"":true,""duration_seconds"":30},""normalized_features"":{""enemiesHit"":0.21739130434782608,""damageDone"":",0.9878888477866428,False,0,0,0,0.7277938923809016,0.17533385982760258,0.09687224779149582
2026-08-24T10:53:17.734737+00:00,424.53,200,,"{""filtering"":{""passed"":true,""duration_seconds"":30},""normalized_features"":{""enemiesHit"":0.21739130434782608,""damageDone"":",0.9878888477866428,False,0,0,0,0.7277938923809016,0.17533385982760258,0.09687224779149582
2026-08-24T10:53:18.158213+00:00,415.68,200,,"{""filtering"":{""passed"":true,""duration_seconds"":30},""normalized_features"":{""enemiesHit"":0.21739130434782608,""damageDone"":",0.9878888477866428,False,0,0,0,0.7277938923809016,0.17533385982760258,0.09687224779149582
2026-08-24T10:53:18.575949+00:00,393.79,200,,"{""filtering"":{""passed"":true,""duration_seconds"":30},""normalized_features"":{""enemiesHit"":0.21739130434782608,""damageDone"":",0.9878888477866428,False,0,0,0,0.7277938923809016,0.17533385982760258,0.09687224779149582
2026-08-24T10:53:18.971394+00:00,624.17,200,,"{""filtering"":{""passed"":true,""duration_seconds"":30},""normalized_features"":{""enemiesHit"":0.21739130434782608,""damageDone"":",0.9878888477866428,False,0,0,0,0.7277938923809016,0.17533385982760258,0.09687224779149582
2026-08-24T10:53:19.595417+00:00,426.26,200,,"{""filtering"":{""passed"":true,""duration_seconds"":30},""normalized_features"":{""enemiesHit"":0.21739130434782608,""damageDone"":",0.9878888477866428,False,0,0,0,0.7277938923809016,0.17533385982760258,0.09687224779149582
2026-08-24T10:53:20.023273+00:00,430.18,200,,"{""filtering"":{""passed"":true,""duration_seconds"":30},""normalized_features"":{""enemiesHit"":0.21739130434782608,""damageDone"":",0.9878888477866428,False,0,0,0,0.7277938923809016,0.17533385982760258,0.09687224779149582
2026-08-24T10:53:20.438592+00:00,404.71,200,,"{""filtering"":{""passed"":true,""duration_seconds"":30},""normalized_features"":{""enemiesHit"":0.21739130434782608,""damageDone"":",0.9878888477866428,False,0,0,0,0.7277938923809016,0.17533385982760258,0.09687224779149582
2026-08-24T10:53:20.858457+00:00,430.64,200,,"{""filtering"":{""passed"":true,""duration_seconds"":30},""normalized_features"":{""enemiesHit"":0.21739130434782608,""damageDone"":",0.9878888477866428,False,0,0,0,0.7277938923809016,0.17533385982760258,0.09687224779149582
2026-08-24T10:53:21.288000+00:00,497.99,200,,"{""filtering"":{""passed"":true,""duration_seconds"":30},""normalized_features"":{""enemiesHit"":0.21739130434782608,""damageDone"":",0.9878888477866428,False,0,0,0,0.7277938923809016,0.17533385982760258,0.09687224779149582
2026-08-24T10:53:21.788442+00:00,480.29,200,,"{""filtering"":{""passed"":true,""duration_seconds"":30},""normalized_features"":{""enemiesHit"":0.21739130434782608,""damageDone"":",0.9878888477866428,False,0,0,0,0.7277938923809016,0.17533385982760258,0.09687224779149582
2026-08-24T10:53:22.258341+00:00,434.9,200,,"{""filtering"":{""passed"":true,""duration_seconds"":30},""normalized_features"":{""enemiesHit"":0.21739130434782608,""damageDone"":",0.9878888477866428,False,0,0,0,0.7277938923809016,0.17533385982760258,0.09687224779149582
2026-08-24T10:53:22.706415+00:00,653.7,200,,"{""filtering"":{""passed"":true,""duration_seconds"":30},""normalized_features"":{""enemiesHit"":0.21739130434782608,""damageDone"":",0.9878888477866428,False,0,0,0,0.7277938923809016,0.17533385982760258,0.09687224779149582
2026-08-24T10:53:23.357891+00:00,448.87,200,,"{""filtering"":{""passed"":true,""duration_seconds"":30},""normalized_features"":{""enemiesHit"":0.21739130434782608,""damageDone"":",0.9878888477866428,False,0,0,0,0.7277938923809016,0.17533385982760258,0.09687224779149582
2026-08-24T10:53:23.810892+00:00,447.95,200,,"{""filtering"":{""passed"":true,""duration_seconds"":30},""normalized_features"":{""enemiesHit"":0.21739130434782608,""damageDone"":",0.9878888477866428,False,0,0,0,0.7277938923809016,0.17533385982760258,0.09687224779149582
2026-08-24T10:53:24.259343+00:00,413.03,200,,"{""filtering"":{""passed"":true,""duration_seconds"":30},""normalized_features"":{""enemiesHit"":0.21739130434782608,""damageDone"":",0.9878888477866428,False,0,0,0,0.7277938923809016,0.17533385982760258,0.09687224779149582
2026-08-24T10:53:24.661803+00:00,432.26,200,,"{""filtering"":{""passed"":true,""duration_seconds"":30},""normalized_features"":{""enemiesHit"":0.21739130434782608,""damageDone"":",0.9878888477866428,False,0,0,0,0.7277938923809016,0.17533385982760258,0.09687224779149582
2026-08-24T10:53:25.099622+00:00,417.41,200,,"{""filtering"":{""passed"":true,""duration_seconds"":30},""normalized_features"":{""enemiesHit"":0.21739130434782608,""damageDone"":",0.9878888477866428,False,0,0,0,0.7277938923809016,0.17533385982760258,0.09687224779149582
2026-08-24T10:53:25.519259+00:00,450.71,200,,"{""filtering"":{""passed"":true,""duration_seconds"":30},""normalized_features"":{""enemiesHit"":0.21739130434782608,""damageDone"":",0.9878888477866428,False,0,0,0,0.7277938923809016,0.17533385982760258,0.09687224779149582
2026-08-24T10:53:25.974227+00:00,463.17,200,,"{""filtering"":{""passed"":true,""duration_seconds"":30},""normalized_features"":{""enemiesHit"":0.21739130434782608,""damageDone"":",0.9878888477866428,False,0,0,0,0.7277938923809016,0.17533385982760258,0.09687224779149582
2026-08-24T10:53:26.424093+00:00,395.6,200,,"{""filtering"":{""passed"":true,""duration_seconds"":30},""normalized_features"":{""enemiesHit"":0.21739130434782608,""damageDone"":",0.9878888477866428,False,0,0,0,0.7277938923809016,0.17533385982760258,0.09687224779149582
2026-08-24T10:53:26.834074+00:00,431.19,200,,"{""filtering"":{""passed"":true,""duration_seconds"":30},""normalized_features"":{""enemiesHit"":0.21739130434782608,""damageDone"":",0.9878888477866428,False,0,0,0,0.7277938923809016,0.17533385982760258,0.09687224779149582
2026-08-24T10:53:27.266200+00:00,435.52,200,,"{""filtering"":{""passed"":true,""duration_seconds"":30},""normalized_features"":{""enemiesHit"":0.21739130434782608,""damageDone"":",0.9878888477866428,False,0,0,0,0.7277938923809016,0.17533385982760258,0.09687224779149582
2026-08-24T10:53:27.703028+00:00,433.13,200,,"{""filtering"":{""passed"":true,""duration_seconds"":30},""normalized_features"":{""enemiesHit"":0.21739130434782608,""damageDone"":",0.9878888477866428,False,0,0,0,0.7277938923809016,0.17533385982760258,0.09687224779149582
2026-08-24T10:53:28.136762+00:00,430.77,200,,"{""filtering"":{""passed"":true,""duration_seconds"":30},""normalized_features"":{""enemiesHit"":0.21739130434782608,""damageDone"":",0.9878888477866428,False,0,0,0,0.7277938923809016,0.17533385982760258,0.09687224779149582
2026-08-24T10:53:28.558493+00:00,385.31,200,,"{""filtering"":{""passed"":true,""duration_seconds"":30},""normalized_features"":{""enemiesHit"":0.21739130434782608,""damageDone"":",0.9878888477866428,False,0,0,0,0.7277938923809016,0.17533385982760258,0.09687224779149582
2026-08-24T10:53:28.955254+00:00,428.86,200,,"{""filtering"":{""passed"":true,""duration_seconds"":30},""normalized_features"":{""enemiesHit"":0.21739130434782608,""damageDone"":",0.9878888477866428,False,0,0,0,0.7277938923809016,0.17533385982760258,0.09687224779149582
2026-08-24T10:53:29.383506+00:00,419.38,200,,"{""filtering"":{""passed"":true,""duration_seconds"":30},""normalized_features"":{""enemiesHit"":0.21739130434782608,""damageDone"":",0.9878888477866428,False,0,0,0,0.7277938923809016,0.17533385982760258,0.09687224779149582
2026-08-24T10:53:29.802679+00:00,446.46,200,,"{""filtering"":{""passed"":true,""duration_seconds"":30},""normalized_features"":{""enemiesHit"":0.21739130434782608,""damageDone"":",0.9878888477866428,False,0,0,0,0.7277938923809016,0.17533385982760258,0.09687224779149582
2026-08-24T10:53:30.251229+00:00,421.73,200,,"{""filtering"":{""passed"":true,""duration_seconds"":30},""normalized_features"":{""enemiesHit"":0.21739130434782608,""damageDone"":",0.9878888477866428,False,0,0,0,0.7277938923809016,0.17533385982760258,0.09687224779149582
2026-08-24T10:53:30.673531+00:00,449.19,200,,"{""filtering"":{""passed"":true,""duration_seconds"":30},""normalized_features"":{""enemiesHit"":0.21739130434782608,""damageDone"":",0.9878888477866428,False,0,0,0,0.7277938923809016,0.17533385982760258,0.09687224779149582
2026-08-24T10:53:31.124516+00:00,440.58,200,,"{""filtering"":{""passed"":true,""duration_seconds"":30},""normalized_features"":{""enemiesHit"":0.21739130434782608,""damageDone"":",0.9878888477866428,False,0,0,0,0.7277938923809016,0.17533385982760258,0.09687224779149582
2026-08-24T10:53:31.566085+00:00,449.44,200,,"{""filtering"":{""passed"":true,""duration_seconds"":30},""normalized_features"":{""enemiesHit"":0.21739130434782608,""damageDone"":",0.9878888477866428,False,0,0,0,0.7277938923809016,0.17533385982760258,0.09687224779149582
2026-08-24T10:53:32.006644+00:00,443.3,200,,"{""filtering"":{""passed"":true,""duration_seconds"":30},""normalized_features"":{""enemiesHit"":0.21739130434782608,""damageDone"":",0.9878888477866428,False,0,0,0,0.7277938923809016,0.17533385982760258,0.09687224779149582
2026-08-24T10:53:32.459535+00:00,438.0,200,,"{""filtering"":{""passed"":true,""duration_seconds"":30},""normalized_features"":{""enemiesHit"":0.21739130434782608,""damageDone"":",0.9878888477866428,False,0,0,0,0.7277938923809016,0.17533385982760258,0.09687224779149582
2026-08-24T10:53:32.899259+00:00,434.8,200,,"{""filtering"":{""passed"":true,""duration_seconds"":30},""normalized_features"":{""enemiesHit"":0.21739130434782608,""damageDone"":",0.9878888477866428,False,0,0,0,0.7277938923809016,0.17533385982760258,0.09687224779149582
2026-08-24T10:53:33.335357+00:00,431.89,200,,"{""filtering"":{""passed"":true,""duration_seconds"":30},""normalized_features"":{""enemiesHit"":0.21739130434782608,""damageDone"":",0.9878888477866428,False,0,0,0,0.7277938923809016,0.17533385982760258,0.09687224779149582
2026-08-24T10:53:33.766189+00:00,462.18,200,,"{""filtering"":{""passed"":true,""duration_seconds"":30},""normalized_features"":{""enemiesHit"":0.21739130434782608,""damageDone"":",0.9878888477866428,False,0,0,0,0.7277938923809016,0.17533385982760258,0.09687224779149582
2026-08-24T10:53:34.231139+00:00,410.56,200,,"{""filtering"":{""passed"":true,""duration_seconds"":30},""normalized_features"":{""enemiesHit"":0.21739130434782608,""damageDone"":",0.9878888477866428,False,0,0,0,0.7277938923809016,0.17533385982760258,0.09687224779149582
2026-08-24T10:53:34.628336+00:00,418.38,200,,"{""filtering"":{""passed"":true,""duration_seconds"":30},""normalized_features"":{""enemiesHit"":0.21739130434782608,""damageDone"":",0.9878888477866428,False,0,0,0,0.7277938923809016,0.17533385982760258,0.09687224779149582
2026-08-24T10:53:35.048382+00:00,453.14,200,,"{""filtering"":{""passed"":true,""duration_seconds"":30},""normalized_features"":{""enemiesHit"":0.21739130434782608,""damageDone"":",0.9878888477866428,False,0,0,0,0.7277938923809016,0.17533385982760258,0.09687224779149582
2026-08-24T10:53:35.514151+00:00,428.04,200,,"{""filtering"":{""passed"":true,""duration_seconds"":30},""normalized_features"":{""enemiesHit"":0.21739130434782608,""damageDone"":",0.9878888477866428,False,0,0,0,0.7277938923809016,0.17533385982760258,0.09687224779149582
2026-08-24T10:53:35.943292+00:00,429.69,200,,"{""filtering"":{""passed"":true,""duration_seconds"":30},""normalized_features"":{""enemiesHit"":0.21739130434782608,""damageDone"":",0.9878888477866428,False,0,0,0,0.7277938923809016,0.17533385982760258,0.09687224779149582
2026-08-24T10:53:36.375214+00:00,490.67,200,,"{""filtering"":{""passed"":true,""duration_seconds"":30},""normalized_features"":{""enemiesHit"":0.21739130434782608,""damageDone"":",0.9878888477866428,False,0,0,0,0.7277938923809016,0.17533385982760258,0.09687224779149582
2026-08-24T10:53:36.867361+00:00,434.71,200,,"{""filtering"":{""passed"":true,""duration_seconds"":30},""normalized_features"":{""enemiesHit"":0.21739130434782608,""damageDone"":",0.9878888477866428,False,0,0,0,0.7277938923809016,0.17533385982760258,0.09687224779149582
2026-08-24T10:53:37.302777+00:00,455.32,200,,"{""filtering"":{""passed"":true,""duration_seconds"":30},""normalized_features"":{""enemiesHit"":0.21739130434782608,""damageDone"":",0.9878888477866428,False,0,0,0,0.7277938923809016,0.17533385982760258,0.09687224779149582
2026-08-24T10:53:37.759472+00:00,426.07,200,,"{""filtering"":{""passed"":true,""duration_seconds"":30},""normalized_features"":{""enemiesHit"":0.21739130434782608,""damageDone"":",0.9878888477866428,False,0,0,0,0.7277938923809016,0.17533385982760258,0.09687224779149582
2026-08-24T10:53:38.188569+00:00,465.16,200,,"{""filtering"":{""passed"":true,""duration_seconds"":30},""normalized_features"":{""enemiesHit"":0.21739130434782608,""damageDone"":",0.9878888477866428,False,0,0,0,0.7277938923809016,0.17533385982760258,0.09687224779149582
2026-08-24T10:53:38.653536+00:00,425.58,200,,"{""filtering"":{""passed"":true,""duration_seconds"":30},""normalized_features"":{""enemiesHit"":0.21739130434782608,""damageDone"":",0.9878888477866428,False,0,0,0,0.7277938923809016,0.17533385982760258,0.09687224779149582
2026-08-24T10:53:39.082084+00:00,437.32,200,,"{""filtering"":{""passed"":true,""duration_seconds"":30},""normalized_features"":{""enemiesHit"":0.21739130434782608,""damageDone"":",0.9878888477866428,False,0,0,0,0.7277938923809016,0.17533385982760258,0.09687224779149582
2026-08-24T10:53:39.505854+00:00,438.29,200,,"{""filtering"":{""passed"":true,""duration_seconds"":30},""normalized_features"":{""enemiesHit"":0.21739130434782608,""damageDone"":",0.9878888477866428,False,0,0,0,0.7277938923809016,0.17533385982760258,0.09687224779149582
2026-08-24T10:53:39.958685+00:00,450.15,200,,"{""filtering"":{""passed"":true,""duration_seconds"":30},""normalized_features"":{""enemiesHit"":0.21739130434782608,""damageDone"":",0.9878888477866428,False,0,0,0,0.7277938923809016,0.17533385982760258,0.09687224779149582
2026-08-24T10:53:40.401363+00:00,402.18,200,,"{""filtering"":{""passed"":true,""duration_seconds"":30},""normalized_features"":{""enemiesHit"":0.21739130434782608,""damageDone"":",0.9878888477866428,False,0,0,0,0.7277938923809016,0.17533385982760258,0.09687224779149582
2026-08-24T10:53:40.813244+00:00,438.31,200,,"{""filtering"":{""passed"":true,""duration_seconds"":30},""normalized_features"":{""enemiesHit"":0.21739130434782608,""damageDone"":",0.9878888477866428,False,0,0,0,0.7277938923809016,0.17533385982760258,0.09687224779149582
2026-08-24T10:53:41.241714+00:00,419.76,200,,"{""filtering"":{""passed"":true,""duration_seconds"":30},""normalized_features"":{""enemiesHit"":0.21739130434782608,""damageDone"":",0.9878888477866428,False,0,0,0,0.7277938923809016,0.17533385982760258,0.09687224779149582
2026-08-24T10:53:41.663391+00:00,418.02,200,,"{""filtering"":{""passed"":true,""duration_seconds"":30},""normalized_features"":{""enemiesHit"":0.21739130434782608,""damageDone"":",0.9878888477866428,False,0,0,0,0.7277938923809016,0.17533385982760258,0.09687224779149582
2026-08-24T10:53:42.090272+00:00,410.82,200,,"{""filtering"":{""passed"":true,""duration_seconds"":30},""normalized_features"":{""enemiesHit"":0.21739130434782608,""damageDone"":",0.9878888477866428,False,0,0,0,0.7277938923809016,0.17533385982760258,0.09687224779149582
2026-08-24T10:53:42.502994+00:00,434.01,200,,"{""filtering"":{""passed"":true,""duration_seconds"":30},""normalized_features"":{""enemiesHit"":0.21739130434782608,""damageDone"":",0.9878888477866428,False,0,0,0,0.7277938923809016,0.17533385982760258,0.09687224779149582
2026-08-24T10:53:42.935852+00:00,431.68,200,,"{""filtering"":{""passed"":true,""duration_seconds"":30},""normalized_features"":{""enemiesHit"":0.21739130434782608,""damageDone"":",0.9878888477866428,False,0,0,0,0.7277938923809016,0.17533385982760258,0.09687224779149582
2026-08-24T10:53:43.370086+00:00,490.58,200,,"{""filtering"":{""passed"":true,""duration_seconds"":30},""normalized_features"":{""enemiesHit"":0.21739130434782608,""damageDone"":",0.9878888477866428,False,0,0,0,0.7277938923809016,0.17533385982760258,0.09687224779149582
2026-08-24T10:53:43.860660+00:00,425.42,200,,"{""filtering"":{""passed"":true,""duration_seconds"":30},""normalized_features"":{""enemiesHit"":0.21739130434782608,""damageDone"":",0.9878888477866428,False,0,0,0,0.7277938923809016,0.17533385982760258,0.09687224779149582
2026-08-24T10:53:44.287318+00:00,428.2,200,,"{""filtering"":{""passed"":true,""duration_seconds"":30},""normalized_features"":{""enemiesHit"":0.21739130434782608,""damageDone"":",0.9878888477866428,False,0,0,0,0.7277938923809016,0.17533385982760258,0.09687224779149582
2026-08-24T10:53:44.716203+00:00,417.9,200,,"{""filtering"":{""passed"":true,""duration_seconds"":30},""normalized_features"":{""enemiesHit"":0.21739130434782608,""damageDone"":",0.9878888477866428,False,0,0,0,0.7277938923809016,0.17533385982760258,0.09687224779149582
2026-08-24T10:53:45.133125+00:00,442.17,200,,"{""filtering"":{""passed"":true,""duration_seconds"":30},""normalized_features"":{""enemiesHit"":0.21739130434782608,""damageDone"":",0.9878888477866428,False,0,0,0,0.7277938923809016,0.17533385982760258,0.09687224779149582
2026-08-24T10:53:45.576999+00:00,427.46,200,,"{""filtering"":{""passed"":true,""duration_seconds"":30},""normalized_features"":{""enemiesHit"":0.21739130434782608,""damageDone"":",0.9878888477866428,False,0,0,0,0.7277938923809016,0.17533385982760258,0.09687224779149582
2026-08-24T10:53:46.006353+00:00,439.65,200,,"{""filtering"":{""passed"":true,""duration_seconds"":30},""normalized_features"":{""enemiesHit"":0.21739130434782608,""damageDone"":",0.9878888477866428,False,0,0,0,0.7277938923809016,0.17533385982760258,0.09687224779149582
2026-08-24T10:53:46.436524+00:00,432.51,200,,"{""filtering"":{""passed"":true,""duration_seconds"":30},""normalized_features"":{""enemiesHit"":0.21739130434782608,""damageDone"":",0.9878888477866428,False,0,0,0,0.7277938923809016,0.17533385982760258,0.09687224779149582
2026-08-24T10:53:46.878977+00:00,455.44,200,,"{""filtering"":{""passed"":true,""duration_seconds"":30},""normalized_features"":{""enemiesHit"":0.21739130434782608,""damageDone"":",0.9878888477866428,False,0,0,0,0.7277938923809016,0.17533385982760258,0.09687224779149582
2026-08-24T10:53:47.335993+00:00,444.1,200,,"{""filtering"":{""passed"":true,""duration_seconds"":30},""normalized_features"":{""enemiesHit"":0.21739130434782608,""damageDone"":",0.9878888477866428,False,0,0,0,0.7277938923809016,0.17533385982760258,0.09687224779149582
2026-08-24T10:53:47.772737+00:00,421.03,200,,"{""filtering"":{""passed"":true,""duration_seconds"":30},""normalized_features"":{""enemiesHit"":0.21739130434782608,""damageDone"":",0.9878888477866428,False,0,0,0,0.7277938923809016,0.17533385982760258,0.09687224779149582
2026-08-24T10:53:48.201682+00:00,449.72,200,,"{""filtering"":{""passed"":true,""duration_seconds"":30},""normalized_features"":{""enemiesHit"":0.21739130434782608,""damageDone"":",0.9878888477866428,False,0,0,0,0.7277938923809016,0.17533385982760258,0.09687224779149582
2026-08-24T10:53:48.652703+00:00,440.99,200,,"{""filtering"":{""passed"":true,""duration_seconds"":30},""normalized_features"":{""enemiesHit"":0.21739130434782608,""damageDone"":",0.9878888477866428,False,0,0,0,0.7277938923809016,0.17533385982760258,0.09687224779149582
2026-08-24T10:53:49.094639+00:00,433.82,200,,"{""filtering"":{""passed"":true,""duration_seconds"":30},""normalized_features"":{""enemiesHit"":0.21739130434782608,""damageDone"":",0.9878888477866428,False,0,0,0,0.7277938923809016,0.17533385982760258,0.09687224779149582
2026-08-24T10:53:49.530690+00:00,465.63,200,,"{""filtering"":{""passed"":true,""duration_seconds"":30},""normalized_features"":{""enemiesHit"":0.21739130434782608,""damageDone"":",0.9878888477866428,False,0,0,0,0.7277938923809016,0.17533385982760258,0.09687224779149582
2026-08-24T10:53:49.998393+00:00,448.54,200,,"{""filtering"":{""passed"":true,""duration_seconds"":30},""normalized_features"":{""enemiesHit"":0.21739130434782608,""damageDone"":",0.9878888477866428,False,0,0,0,0.7277938923809016,0.17533385982760258,0.09687224779149582
2026-08-24T10:53:50.446750+00:00,404.19,200,,"{""filtering"":{""passed"":true,""duration_seconds"":30},""normalized_features"":{""enemiesHit"":0.21739130434782608,""damageDone"":",0.9878888477866428,False,0,0,0,0.7277938923809016,0.17533385982760258,0.09687224779149582
2026-08-24T10:53:50.851785+00:00,436.11,200,,"{""filtering"":{""passed"":true,""duration_seconds"":30},""normalized_features"":{""enemiesHit"":0.21739130434782608,""damageDone"":",0.9878888477866428,False,0,0,0,0.7277938923809016,0.17533385982760258,0.09687224779149582
2026-08-24T10:53:51.288592+00:00,430.59,200,,"{""filtering"":{""passed"":true,""duration_seconds"":30},""normalized_features"":{""enemiesHit"":0.21739130434782608,""damageDone"":",0.9878888477866428,False,0,0,0,0.7277938923809016,0.17533385982760258,0.09687224779149582
2026-08-24T10:53:51.720419+00:00,442.13,200,,"{""filtering"":{""passed"":true,""duration_seconds"":30},""normalized_features"":{""enemiesHit"":0.21739130434782608,""damageDone"":",0.9878888477866428,False,0,0,0,0.7277938923809016,0.17533385982760258,0.09687224779149582
2026-08-24T10:53:52.163268+00:00,447.86,200,,"{""filtering"":{""passed"":true,""duration_seconds"":30},""normalized_features"":{""enemiesHit"":0.21739130434782608,""damageDone"":",0.9878888477866428,False,0,0,0,0.7277938923809016,0.17533385982760258,0.09687224779149582
2026-08-24T10:53:52.610547+00:00,437.93,200,,"{""filtering"":{""passed"":true,""duration_seconds"":30},""normalized_features"":{""enemiesHit"":0.21739130434782608,""damageDone"":",0.9878888477866428,False,0,0,0,0.7277938923809016,0.17533385982760258,0.09687224779149582
2026-08-24T10:53:53.049955+00:00,473.32,200,,"{""filtering"":{""passed"":true,""duration_seconds"":30},""normalized_features"":{""enemiesHit"":0.21739130434782608,""damageDone"":",0.9878888477866428,False,0,0,0,0.7277938923809016,0.17533385982760258,0.09687224779149582
2026-08-24T10:53:53.523812+00:00,455.46,200,,"{""filtering"":{""passed"":true,""duration_seconds"":30},""normalized_features"":{""enemiesHit"":0.21739130434782608,""damageDone"":",0.9878888477866428,False,0,0,0,0.7277938923809016,0.17533385982760258,0.09687224779149582
2026-08-24T10:53:53.977736+00:00,467.51,200,,"{""filtering"":{""passed"":true,""duration_seconds"":30},""normalized_features"":{""enemiesHit"":0.21739130434782608,""damageDone"":",0.9878888477866428,False,0,0,0,0.7277938923809016,0.17533385982760258,0.09687224779149582
2026-08-24T10:53:54.447950+00:00,427.83,200,,"{""filtering"":{""passed"":true,""duration_seconds"":30},""normalized_features"":{""enemiesHit"":0.21739130434782608,""damageDone"":",0.9878888477866428,False,0,0,0,0.7277938923809016,0.17533385982760258,0.09687224779149582
2026-08-24T10:53:54.876802+00:00,455.5,200,,"{""filtering"":{""passed"":true,""duration_seconds"":30},""normalized_features"":{""enemiesHit"":0.21739130434782608,""damageDone"":",0.9878888477866428,False,0,0,0,0.7277938923809016,0.17533385982760258,0.09687224779149582
2026-08-24T10:53:55.321110+00:00,449.18,200,,"{""filtering"":{""passed"":true,""duration_seconds"":30},""normalized_features"":{""enemiesHit"":0.21739130434782608,""damageDone"":",0.9878888477866428,False,0,0,0,0.7277938923809016,0.17533385982760258,0.09687224779149582
2026-08-24T10:53:55.779913+00:00,445.88,200,,"{""filtering"":{""passed"":true,""duration_seconds"":30},""normalized_features"":{""enemiesHit"":0.21739130434782608,""damageDone"":",0.9878888477866428,False,0,0,0,0.7277938923809016,0.17533385982760258,0.09687224779149582
2026-08-24T10:53:56.228962+00:00,428.1,200,,"{""filtering"":{""passed"":true,""duration_seconds"":30},""normalized_features"":{""enemiesHit"":0.21739130434782608,""damageDone"":",0.9878888477866428,False,0,0,0,0.7277938923809016,0.17533385982760258,0.09687224779149582
2026-08-24T10:53:56.649113+00:00,433.67,200,,"{""filtering"":{""passed"":true,""duration_seconds"":30},""normalized_features"":{""enemiesHit"":0.21739130434782608,""damageDone"":",0.9878888477866428,False,0,0,0,0.7277938923809016,0.17533385982760258,0.09687224779149582
2026-08-24T10:53:57.092784+00:00,450.76,200,,"{""filtering"":{""passed"":true,""duration_seconds"":30},""normalized_features"":{""enemiesHit"":0.21739130434782608,""damageDone"":",0.9878888477866428,False,0,0,0,0.7277938923809016,0.17533385982760258,0.09687224779149582
2026-08-24T10:53:57.541942+00:00,422.47,200,,"{""filtering"":{""passed"":true,""duration_seconds"":30},""normalized_features"":{""enemiesHit"":0.21739130434782608,""damageDone"":",0.9878888477866428,False,0,0,0,0.7277938923809016,0.17533385982760258,0.09687224779149582
2026-08-24T10:53:57.963757+00:00,426.81,200,,"{""filtering"":{""passed"":true,""duration_seconds"":30},""normalized_features"":{""enemiesHit"":0.21739130434782608,""damageDone"":",0.9878888477866428,False,0,0,0,0.7277938923809016,0.17533385982760258,0.09687224779149582
2026-08-24T10:53:58.394224+00:00,405.16,200,,"{""filtering"":{""passed"":true,""duration_seconds"":30},""normalized_features"":{""enemiesHit"":0.21739130434782608,""damageDone"":",0.9878888477866428,False,0,0,0,0.7277938923809016,0.17533385982760258,0.09687224779149582
2026-08-24T10:53:58.799346+00:00,453.68,200,,"{""filtering"":{""passed"":true,""duration_seconds"":30},""normalized_features"":{""enemiesHit"":0.21739130434782608,""damageDone"":",0.9878888477866428,False,0,0,0,0.7277938923809016,0.17533385982760258,0.09687224779149582
2026-08-24T10:53:59.253898+00:00,432.6,200,,"{""filtering"":{""passed"":true,""duration_seconds"":30},""normalized_features"":{""enemiesHit"":0.21739130434782608,""damageDone"":",0.9878888477866428,False,0,0,0,0.7277938923809016,0.17533385982760258,0.09687224779149582
